invoice_id,vendor_id,po_id,gl_account_id,invoice_date,due_date,amount,currency,status
INV200612,V0047,PO100462,65100,30-SEP-2024,30-OCT-2024,1002.22,USD,Paid
INV200175,V0040,PO100142,62100,2024-10-02,2024-11-01,649.89,USD,Paid
INV200657,V0012,,62400,2024-10-02,2024-11-01,685.51,USD,Paid
INV200589,V0025,PO100443,61400,2024-10-05,2024-11-04,1658.07,GBP,Paid
INV200426,V0017,PO100333,61400,06-OCT-2024,20-NOV-2024,2498.71,USD,Paid
INV200292,V0030,PO100226,61300,2024-10-11,2024-11-10,1296.50,USD,Paid
INV200293,V0030,PO100226,61300,2024-10-12,2024-11-11,4251.38,USD,Paid
INV200540,V0032,PO100411,61200,2024-10-12,2024-11-26,5576.20,USD,Paid
INV200218,V0031,PO100174,60120,2024-10-18,2024-11-17,9634.76,USD,  Paid
INV200397,V0021,PO100308,64100,2024-10-20,2024-12-19,12839.77,USD,Paid
INV200541,V0009,PO100412,61200,2024-10-24,2024-11-08,3016.97,USD,Paid
INV200011,V0049,PO100010,61100,2024-10-26,2024-11-25,25324.16,USD,Paid
INV200368,V0009,PO100284,61100,2024-10-26,2024-11-10,6707.21,USD,Paid
INV200281,V0023,PO100218,60100,2024-10-30,2024-12-14,46343.34,USD,Paid
INV200102,V0042,PO100088,61300,02-NOV-2024,17-DEC-2024,18248.23,USD,Paid
INV200412,V0012,PO100322,62100,2024-11-03,2024-12-03,798.36,USD,Paid
INV200032,V0016,PO100028,61300,11/07/2024,12/07/2024,14487.03,USD,Paid
INV200228,V0008,PO100183,63200,2024-11-07,2024-12-22,415.30,EUR,Paid
INV200410,V0049,PO100320,61200,07-NOV-2024,07-DEC-2024,2176.92,USD,UNPAID
INV200485,V0031,PO100370,60200,11/09/2024,12/09/2024,6351.70,USD,Paid
INV200273,V0042,PO100214,64100,2024-11-11,2024-12-26,6959.56,USD,Paid
INV200297,V0025,PO100229,61200,11/12/2024,12/12/2024,5467.52,GBP,Paid
INV200427,V0017,PO100333,61300,2024-11-13,2024-12-28,6421.50,USD,Paid
INV200542,V0009,PO100412,61300,2024-11-13,2024-11-28,220.39,USD,Paid
INV200374,V0012,PO100287,62300,2024-11-18,2024-12-18,664.51,USD,PAID
INV200561,V0042,PO100427,64200,2024-11-20,2025-01-04,37390.66,USD,Paid
INV200062,V0043,PO100055,61100,2024-11-21,2024-12-21,30610.88,USD,Paid  
INV200260,V0029,PO100205,63300,2024-11-22,2025-01-21,2980.95,USD,Paid
INV200329,V0020,PO100254,61300,2024-11-22,2024-12-07,2370.08,USD,PAID
INV200590,V0025,PO100443,61200,11/22/2024,12/22/2024,3112.38,GBP,Paid
INV200413,V0012,PO100322,62400,11/24/2024,12/24/2024,419.20,USD,Paid
INV200628,V0024,PO100474,64100,2024-11-25,2024-12-10,8928.64,USD,Unpaid
INV200234,V0002,PO100186,62100,2024-11-26,2025-01-10,4078.59,USD,Paid
INV200369,V0009,PO100284,61300,2024-11-26,2024-12-11,1670.85,USD,Paid
INV200448,V0032,PO100346,61100,2024-11-27,2025-01-11,4247.84,USD,Paid
INV200672,V0024,PO100474,64100,2024-11-27,2024-12-12,8928.64,USD,Paid
INV200645,V0001,,60120,2024-11-28,2024-12-28,5279.64,USD,paid
INV200320,V0022,PO100245,61200,2024-11-30,2024-12-30,5231.35,USD,Paid
INV200321,V0018,PO100246,62300,2024-11-30,2024-12-30,814.29,USD,Paid
INV200181,V0042,PO100147,64300,12/01/2024,01/15/2025,15268.92,USD,paid
INV200629,V0024,PO100474,63300,01-DEC-2024,16-DEC-2024,11316.33,USD,PAID
INV200580,V0042,PO100437,64100,2024-12-04,2025-01-18,43302.81,USD,Paid
INV200356,V0040,PO100272,62100,2024-12-05,2025-01-04,1025.54,USD,PAID
INV200543,V0009,PO100412,61300,2024-12-07,2024-12-22,7168.65,USD,paid
INV200261,V0029,PO100205,64100,2024-12-09,2025-02-07,3309.84,USD,Unpaid
INV200298,V0025,PO100229,61100,12/09/2024,01/08/2025,2541.56,GBP,Paid
INV200133,V0042,PO100109,64100,2024-12-10,2025-01-24,4385.54,USD,PAID
INV200229,V0008,PO100183,65100,2024-12-10,2025-01-24,148.48,EUR,Paid
INV200486,V0031,PO100370,60200,2024-12-10,2025-01-09,17378.60,USD,Paid
INV200609,V0009,PO100461,61400,2024-12-14,2024-12-29,998.08,USD,Paid
INV200046,V0030,PO100037,64300,2024-12-16,2025-01-15,1946.23,USD,Paid
INV200103,V0042,PO100089,64100,2024-12-16,2025-01-30,4315.23,USD,Unpaid
INV200370,V0009,PO100284,61100,2024-12-17,2025-01-01,2783.18,USD,paid
INV200008,V0048,PO100007,60100,19-DEC-2024,02-FEB-2025,6732.35,USD,Paid
INV200330,V0020,PO100254,61400,2024-12-19,2025-01-03,4103.90,USD,Paid
INV200274,V0038,PO100215,61200,2024-12-20,2025-02-03,4056.36,USD,Paid
INV200246,V0027,PO100193,61300,2024-12-21,2025-01-20,12754.50,USD,Paid
INV200610,V0009,PO100461,61200,12/23/2024,01/07/2025,988.34,USD,Paid
INV200235,V0002,PO100186,62300,2024-12-24,2025-02-07,4563.56,USD,Paid
INV200033,V0016,PO100028,64200,26-DEC-2024,25-JAN-2025,18072.55,USD,Paid
INV200063,V0042,PO100056,61300,28-DEC-2024,11-FEB-2025,37873.03,USD,Paid
INV200519,V0047,PO100395,65100,2024-12-28,2025-01-27,457.19,USD,Paid
INV200295,V0041,PO100228,60100,2024-12-29,2025-01-28,33804.52,USD,Paid
INV200385,V0027,PO100294,61200,2024-12-29,2025-01-28,4500.68,USD,Paid
INV200250,V0040,PO100196,62100,2025-01-02,2025-02-01,1552.99,USD,paid
INV200430,V0029,PO100336,64100,2025-01-02,2025-03-03,3157.36,USD,paid
INV200468,V0038,PO100359,61100,2025-01-02,2025-02-16,3582.23,USD,Paid
INV200047,V0030,PO100037,61300,2025-01-04,2025-02-03,63.72,USD,PAID
INV200663,V0040,PO100196,62100,2025-01-04,2025-02-03,1552.99,USD,Paid
INV200611,V0009,PO100461,61100,2025-01-06,2025-01-21,2646.09,USD,Paid
INV200104,V0042,PO100089,64300,2025-01-07,2025-02-21,1662.43,USD,PAID
INV200182,V0042,PO100147,64100,2025-01-08,2025-02-22,13975.16,USD,Paid
INV200576,V0050,PO100435,60200,2025-01-08,2025-02-07,48069.88,USD,Paid
INV200009,V0048,PO100007,60110,01/09/2025,02/23/2025,4688.81,USD,Paid  
INV200183,V0031,PO100149,60100,2025-01-09,2025-02-08,44690.67,USD,Paid
INV200633,V0012,PO100476,62200,2025-01-09,2025-02-08,2681.46,USD,Paid  
INV200247,V0027,PO100193,61300,2025-01-11,2025-02-10,15028.69,USD,Paid  
INV200134,V0042,PO100109,61300,2025-01-12,2025-02-26,2366.65,USD,Paid
INV200380,V0032,PO100291,61100,2025-01-13,2025-02-27,2755.27,USD,Paid
INV200642,V0048,,60120,14-JAN-2025,28-FEB-2025,33405.09,USD,PAID
INV200525,V0029,PO100400,64100,2025-01-15,2025-03-16,5492.65,USD,Paid
INV200004,V0021,PO100003,61300,2025-01-18,2025-03-19,6849.11,USD,PAID
INV200237,V0025,PO100188,61100,2025-01-18,2025-02-17,12490.10,GBP,Paid
INV200105,V0004,PO100090,60110,2025-01-19,2025-02-18,15795.65,GBP,paid
INV200476,V0022,PO100365,61300,01/19/2025,02/18/2025,7134.65,USD,paid
INV200108,V0042,PO100092,63300,2025-01-20,2025-03-06,3455.87,USD,PAID
INV200464,V0031,PO100356,60110,2025-01-20,2025-02-19,48985.41,USD,Paid
INV200526,V0029,PO100400,64100,2025-01-20,2025-03-21,7261.94,USD,Paid
INV200386,V0018,PO100295,62200,01/21/2025,02/20/2025,597.39,USD,Paid
INV200431,V0029,PO100336,63300,21-JAN-2025,22-MAR-2025,1165.36,USD,Paid
INV200058,V0040,PO100052,62200,2025-01-24,2025-02-23,555.49,USD,Paid
INV200275,V0038,PO100215,61200,2025-01-24,2025-03-10,7300.65,USD,Paid
INV200497,V0027,PO100377,61400,2025-01-25,2025-02-24,22365.25,USD,Paid
INV200515,V0045,PO100392,61300,2025-01-26,2025-03-12,2996.96,USD,Paid
INV200571,V0022,PO100433,61300,2025-01-27,2025-02-26,1319.60,USD,Paid
INV200081,V0009,PO100072,61400,2025-01-28,2025-02-12,5523.49,USD,Paid
INV200387,V0018,PO100295,62200,2025-01-29,2025-02-28,502.33,USD,paid
INV200506,V0002,PO100384,62300,2025-01-29,2025-03-15,673.48,USD,Paid
INV200669,V0009,PO100072,61400,01/29/2025,02/13/2025,5523.49,USD,paid
INV200225,V0042,PO100179,61300,30-JAN-2025,16-MAR-2025,10419.38,USD,Paid
INV200487,V0031,PO100370,60100,01/31/2025,03/02/2025,7401.48,USD,Paid
INV200513,V0005,PO100390,62300,2025-02-01,2025-02-16,813.72,USD,Paid
INV200630,V0009,PO100475,61200,2025-02-01,2025-02-16,2218.70,USD,Paid
INV200389,V0009,PO100296,61100,2025-02-02,2025-02-17,1153.96,USD,Paid
INV200109,V0042,PO100092,61300,02/04/2025,03/21/2025,3317.84,USD,Paid
INV200255,V0035,PO100200,61200,06-FEB-2025,08-MAR-2025,4836.58,GBP,Paid
INV200377,V0042,PO100289,64200,02/06/2025,03/23/2025,8841.21,USD,PAID
INV200296,V0041,PO100228,60120,08-FEB-2025,10-MAR-2025,22107.81,USD,Unpaid
INV200473,V0030,PO100362,64300,2025-02-08,2025-03-10,14183.64,USD,PAID
INV200546,V0023,PO100415,60120,2025-02-08,2025-03-25,28797.55,USD,PAID
INV200331,V0010,PO100255,61300,2025-02-09,2025-02-24,10182.44,USD,Paid
INV200492,V0023,PO100373,60200,09-FEB-2025,26-MAR-2025,39195.42,USD,Paid
INV200437,V0004,PO100339,60100,2025-02-11,2025-03-13,12501.33,GBP,Paid
INV200227,V0009,PO100181,61200,2025-02-13,2025-02-28,12417.46,USD,Unpaid
INV200048,V0030,PO100037,64200,2025-02-15,2025-03-17,5169.40,USD,Paid
INV200256,V0035,PO100200,61100,2025-02-16,2025-03-18,2493.78,GBP,PAID
INV200327,V0025,PO100252,61300,2025-02-16,2025-03-18,8224.55,GBP,Paid  
INV200572,V0022,PO100433,61100,2025-02-16,2025-03-18,1908.26,USD,Unpaid
INV200085,V0009,PO100075,61400,2025-02-17,2025-03-04,7369.42,USD,Paid
INV200639,V0017,PO100480,61400,2025-02-17,2025-04-03,12856.69,USD,Paid
INV200124,V0035,PO100103,61300,20-FEB-2025,22-MAR-2025,13189.00,GBP,Paid
INV200396,V0026,PO100307,64200,2025-02-20,2025-04-06,16918.12,USD,paid
INV200632,V0009,PO100475,61100,02/21/2025,03/08/2025,1167.32,USD,Paid
INV200082,V0009,PO100072,61100,2025-02-27,2025-03-14,11894.12,USD,PAID
INV200276,V0038,PO100215,61100,2025-02-27,2025-04-13,3793.03,USD,Paid  
INV200197,V0043,PO100159,61300,2025-02-28,2025-03-30,7032.42,USD,Paid
INV200432,V0029,PO100336,61300,2025-02-28,2025-04-29,3207.90,USD,paid
INV200433,V0001,PO100337,60110,2025-02-28,2025-03-30,14984.03,USD,Paid
INV200498,V0027,PO100377,61200,2025-02-28,2025-03-30,10794.89,USD,Unpaid
INV200074,V0032,PO100066,61200,03/02/2025,04/16/2025,7815.07,USD,PAID
INV200106,V0004,PO100090,60110,2025-03-03,2025-04-02,45381.75,GBP,Paid
INV200165,V0007,PO100135,61200,2025-03-04,2025-04-18,7836.47,USD,paid
INV200201,V0002,PO100163,62300,03/04/2025,04/18/2025,302.70,USD,Paid
INV200390,V0009,PO100296,61400,2025-03-04,2025-03-19,3305.78,USD,Paid
INV200030,V0038,PO100024,61200,05-MAR-2025,19-APR-2025,7007.98,USD,Paid  
INV200252,V0024,PO100198,64200,03/05/2025,03/20/2025,12721.46,USD,Paid
INV200093,V0002,PO100082,62200,2025-03-06,2025-04-20,3684.92,USD,PAID
INV200202,V0002,PO100163,62100,2025-03-06,2025-04-20,41.46,USD,Paid
INV200640,V0017,PO100480,61100,2025-03-06,2025-04-20,11183.31,USD,Paid
INV200116,V0043,PO100098,61400,2025-03-08,2025-04-07,3989.44,USD,Paid
INV200169,V0048,PO100138,60120,2025-03-08,2025-04-22,32621.04,USD,Unpaid  
INV200199,V0035,PO100162,61100,03/09/2025,04/08/2025,2880.40,GBP,Paid
INV200299,V0039,PO100230,64300,2025-03-10,2025-05-09,3787.77,CAD,Paid
INV200282,V0027,PO100219,61100,03/12/2025,04/11/2025,3406.23,USD,Unpaid
INV200653,V0015,,60110,03/14/2025,04/13/2025,9597.92,USD,Unpaid
INV200424,V0034,PO100331,63100,2025-03-15,2025-03-30,679.71,EUR,Paid
INV200283,V0004,PO100220,60110,2025-03-16,2025-04-15,36895.22,GBP,  Paid
INV200434,V0001,PO100337,60200,2025-03-16,2025-04-15,11483.73,USD,Paid
INV200170,V0048,PO100138,60100,17-MAR-2025,01-MAY-2025,20765.73,USD,Paid
INV200648,V0003,,60110,2025-03-18,2025-05-02,10012.80,USD,Paid
INV200597,V0031,PO100449,60200,03/19/2025,04/18/2025,28145.48,USD,Paid
INV200631,V0009,PO100475,61400,03/19/2025,04/03/2025,520.76,USD,Paid
INV200598,V0024,PO100450,64200,2025-03-20,2025-04-04,3500.28,USD,PAID
INV200516,V0045,PO100392,61400,2025-03-21,2025-05-05,5006.29,USD,Paid
INV200547,V0023,PO100415,60100,2025-03-22,2025-05-06,3841.39,USD,Paid
INV200447,V0001,PO100345,60110,03/23/2025,04/22/2025,40441.47,USD,Paid
INV200599,V0024,PO100450,64200,2025-03-23,2025-04-07,5982.20,USD,PAID
INV200555,V0007,PO100423,61100,2025-03-24,2025-05-08,2914.77,USD,Paid
INV200191,V0011,PO100155,61200,2025-03-25,2025-05-09,8049.16,GBP,PAID
INV200166,V0007,PO100135,61200,2025-03-27,2025-05-11,4460.10,USD,Paid
INV200466,V0025,PO100358,61400,2025-03-28,2025-04-27,1708.81,GBP,unpaid
INV200200,V0035,PO100162,61100,2025-03-31,2025-04-30,4489.09,GBP,  Paid
INV200185,V0009,PO100151,61200,04/03/2025,04/18/2025,2710.09,USD,Paid
INV200001,V0025,PO100001,61300,04/04/2025,05/04/2025,5528.24,GBP,Paid
INV200300,V0039,PO100230,64300,2025-04-04,2025-06-03,2398.61,CAD,Paid
INV200036,V0034,PO100030,65100,07-APR-2025,22-APR-2025,545.90,EUR,Paid
INV200096,V0039,PO100085,64200,2025-04-11,2025-06-10,1971.93,CAD,Paid
INV200467,V0025,PO100358,61200,2025-04-11,2025-05-11,1875.36,GBP,Paid
INV200388,V0018,PO100295,62400,2025-04-14,2025-05-14,834.37,USD,Paid
INV200439,V0048,PO100341,60100,04/14/2025,05/29/2025,16882.59,USD,Paid
INV200517,V0031,PO100393,60120,2025-04-14,2025-05-14,7013.59,USD,Paid
INV200554,V0049,PO100422,61400,2025-04-15,2025-05-15,3541.44,USD,Paid
INV200562,V0027,PO100428,61300,2025-04-15,2025-05-15,2448.66,USD,  Paid
INV200077,V0042,PO100068,63300,17-APR-2025,01-JUN-2025,29857.91,USD,Paid
INV200253,V0024,PO100198,61300,2025-04-21,2025-05-06,7864.73,USD,Paid
INV200090,V0017,PO100080,61100,04/22/2025,06/06/2025,1852.46,USD,Paid
INV200563,V0027,PO100428,61400,04/22/2025,05/22/2025,5081.78,USD,PAID
INV200213,V0043,PO100171,61300,2025-04-23,2025-05-23,721.85,USD,Paid
INV200055,V0032,PO100049,61300,2025-04-24,2025-06-08,17260.00,USD,Paid
INV200471,V0009,PO100361,61300,2025-04-24,2025-05-09,755.78,USD,Paid
INV200591,V0048,PO100445,60110,25-APR-2025,09-JUN-2025,9342.22,USD,Paid
INV200249,V0008,PO100195,65100,2025-04-26,2025-06-10,264.03,EUR,PAID
INV200411,V0009,PO100321,61400,2025-04-26,2025-05-11,3777.82,USD,Paid
INV200615,V0027,PO100465,61200,2025-04-26,2025-05-26,2041.21,USD,Paid
INV200012,V0012,PO100011,62300,27-APR-2025,27-MAY-2025,2070.99,USD,Paid
INV200272,V0004,PO100213,60110,2025-04-27,2025-05-27,19913.40,GBP,Paid
INV200568,V0023,PO100432,60100,2025-04-28,2025-06-12,6437.58,USD,Paid
INV200382,V0018,PO100293,62300,2025-04-29,2025-05-29,312.94,USD,Paid
INV200005,V0031,PO100005,60200,2025-04-30,2025-05-30,4526.80,USD,paid
INV200391,V0031,PO100298,60200,2025-04-30,2025-05-30,25005.28,USD,Unpaid
INV200347,V0017,PO100266,61200,2025-05-01,2025-06-15,6844.47,USD,Paid
INV200186,V0009,PO100151,61400,05/02/2025,05/17/2025,7448.17,USD,Paid
INV200091,V0017,PO100080,61200,2025-05-03,2025-06-17,312.11,USD,PAID
INV200474,V0048,PO100363,60100,05/05/2025,06/19/2025,8092.39,USD,Paid
INV200606,V0009,PO100458,61300,05/05/2025,05/20/2025,2409.48,USD,  Paid
INV200440,V0048,PO100341,60200,2025-05-07,2025-06-21,5333.64,USD,PAID
INV200002,V0025,PO100001,61100,05/08/2025,06/07/2025,8889.07,GBP,paid
INV200180,V0022,PO100145,61100,2025-05-09,2025-06-08,2038.65,USD,Paid
INV200214,V0043,PO100171,61200,2025-05-10,2025-06-09,555.91,USD,Paid
INV200383,V0018,PO100293,62300,2025-05-10,2025-06-09,528.66,USD,Paid
INV200548,V0023,PO100415,60110,2025-05-11,2025-06-25,29636.38,USD,Paid
INV200607,V0040,PO100459,62200,2025-05-11,2025-06-10,2133.52,USD,Paid
INV200290,V0048,PO100225,60200,12-MAY-2025,26-JUN-2025,3873.59,USD,  Paid
INV200643,V0014,,62400,12-MAY-2025,11-JUL-2025,1126.56,USD,Paid
INV200660,V0048,PO100225,60200,2025-05-13,2025-06-27,3873.59,USD,Paid
INV200203,V0002,PO100163,62100,15-MAY-2025,29-JUN-2025,1089.44,USD,Paid
INV200302,V0013,PO100232,60200,2025-05-15,2025-06-14,11555.14,USD,Paid
INV200569,V0023,PO100432,60200,2025-05-15,2025-06-29,3810.80,USD,paid
INV200257,V0002,PO100202,62200,16-MAY-2025,30-JUN-2025,729.31,USD,Paid
INV200351,V0049,PO100268,61300,2025-05-16,2025-06-15,4166.76,USD,paid
INV200394,V0009,PO100303,61400,2025-05-16,2025-05-31,10083.30,USD,Paid
INV200549,V0041,PO100417,60100,2025-05-16,2025-06-15,34101.31,USD,Paid
INV200187,V0021,PO100152,64200,05/17/2025,07/16/2025,9590.18,USD,  Paid
INV200421,V0017,PO100329,61100,2025-05-18,2025-07-02,6160.61,USD,paid
INV200029,V0009,PO100023,61300,05/19/2025,06/03/2025,11662.67,USD,Paid
INV200460,V0024,PO100353,64300,2025-05-23,2025-06-07,17637.11,USD,Paid
INV200097,V0039,PO100085,64200,05/24/2025,07/23/2025,4087.46,CAD,PAID
INV200160,V0048,PO100131,60120,2025-05-24,2025-07-08,3074.08,USD,Paid
INV200208,V0023,PO100167,60110,05/24/2025,07/08/2025,5444.24,USD,Unpaid
INV200305,V0020,PO100233,61200,2025-05-24,2025-06-08,6175.49,USD,Paid
INV200420,V0017,PO100329,61100,2025-05-24,2025-07-08,6403.58,USD,Paid
INV200570,V0023,PO100432,60110,05/25/2025,07/09/2025,18741.20,USD,Paid
INV200086,V0009,PO100077,61100,26-MAY-2025,10-JUN-2025,5052.00,USD,Paid
INV200098,V0039,PO100085,64100,2025-05-26,2025-07-25,2560.78,CAD,Paid
INV200144,V0009,PO100118,61100,2025-05-26,2025-06-10,15240.41,USD,Paid
INV200661,V0048,PO100131,60120,2025-05-26,2025-07-10,3074.08,USD,Paid
INV200006,V0031,PO100005,60110,05/28/2025,06/27/2025,5416.46,USD,  Paid
INV200532,V0030,PO100404,64300,2025-05-28,2025-06-27,6266.29,USD,Paid  
INV200472,V0009,PO100361,61400,2025-05-31,2025-06-15,1928.35,USD,Unpaid
INV200552,V0047,PO100419,65100,02-JUN-2025,02-JUL-2025,1082.20,USD,Paid
INV200617,V0027,PO100465,61100,2025-06-05,2025-07-05,5764.46,USD,Paid
INV200616,V0027,PO100465,61100,2025-06-06,2025-07-06,1060.98,USD,Paid
INV200251,V0040,PO100197,62300,2025-06-07,2025-07-07,839.67,USD,paid
INV200303,V0013,PO100232,60120,06/07/2025,07/07/2025,19768.56,USD,Paid
INV200475,V0048,PO100363,60110,2025-06-09,2025-07-24,6923.57,USD,  Paid
INV200550,V0041,PO100417,60100,06/09/2025,07/09/2025,36061.98,USD,  Paid
INV200161,V0048,PO100131,60200,2025-06-14,2025-07-29,2890.91,USD,Paid
INV200120,V0045,PO100101,61200,2025-06-15,2025-07-30,10973.36,USD,Paid
INV200192,V0038,PO100156,61400,2025-06-15,2025-07-30,12683.74,USD,Paid
INV200306,V0018,PO100236,62100,2025-06-15,2025-07-15,953.34,USD,Paid
INV200215,V0043,PO100171,61100,2025-06-16,2025-07-16,2143.96,USD,Paid
INV200441,V0048,PO100341,60200,2025-06-16,2025-07-31,7469.49,USD,Paid
INV200592,V0048,PO100445,60200,17-JUN-2025,01-AUG-2025,13420.56,USD,Paid
INV200527,V0017,PO100401,61300,06/18/2025,08/02/2025,7086.31,USD,Paid
INV200266,V0037,PO100209,62300,19-JUN-2025,18-AUG-2025,2568.32,USD,Paid
INV200054,V0017,PO100046,61200,2025-06-21,2025-08-05,10391.67,USD,Paid
INV200307,V0018,PO100236,62300,06/22/2025,07/22/2025,346.74,USD,paid
INV200291,V0048,PO100225,60110,2025-06-23,2025-08-07,1765.40,USD,PAID
INV200636,V0040,PO100479,62300,2025-06-25,2025-07-25,350.12,USD,Unpaid
INV200121,V0045,PO100101,61300,06/27/2025,08/11/2025,722.72,USD,Paid
INV200539,V0029,PO100410,64100,06/27/2025,08/26/2025,10097.41,USD,  Paid
INV200557,V0016,PO100425,64100,2025-06-28,2025-07-28,14842.53,USD,Paid
INV200092,V0017,PO100080,61200,07/01/2025,08/15/2025,920.23,USD,Paid
INV200155,V0021,PO100127,63300,03-JUL-2025,01-SEP-2025,27744.70,USD,Paid
INV200087,V0009,PO100077,61400,2025-07-04,2025-07-19,5675.55,USD,PAID
INV200100,V0017,PO100087,61400,2025-07-04,2025-08-18,2199.40,USD,Paid
INV200072,V0009,PO100064,61400,07/05/2025,07/20/2025,3822.36,USD,Paid
INV200304,V0013,PO100232,60120,07/05/2025,08/04/2025,23247.71,USD,paid
INV200094,V0042,PO100083,61300,2025-07-06,2025-08-20,6120.10,USD,Paid
INV200156,V0021,PO100127,63300,2025-07-09,2025-09-07,10473.74,USD,PAID
INV200558,V0016,PO100425,63300,2025-07-11,2025-08-10,7301.20,USD,PAID
INV200101,V0017,PO100087,61100,12-JUL-2025,26-AUG-2025,727.23,USD,Paid
INV200167,V0033,PO100136,63100,2025-07-12,2025-09-10,974.71,USD,Paid
INV200007,V0050,PO100006,60110,2025-07-13,2025-08-12,14014.38,USD,Paid
INV200458,V0016,PO100352,64100,2025-07-14,2025-08-13,4152.11,USD,Paid
INV200384,V0018,PO100293,62400,2025-07-16,2025-08-15,721.42,USD,PAID
INV200605,V0032,PO100457,61400,18-JUL-2025,01-SEP-2025,2130.00,USD,  Paid
INV200529,V0017,PO100401,61100,22-JUL-2025,05-SEP-2025,3896.02,USD,Paid
INV200044,V0035,PO100036,61100,2025-07-23,2025-08-22,3155.94,GBP,paid
INV200233,V0002,PO100185,62400,2025-07-25,2025-09-08,4911.73,USD,Paid
INV200319,V0031,PO100244,60200,2025-07-25,2025-08-24,7465.58,USD,Unpaid
INV200528,V0017,PO100401,61300,25-JUL-2025,08-SEP-2025,3758.77,USD,Paid
INV200088,V0033,PO100078,63100,2025-07-26,2025-09-24,868.26,USD,Paid
INV200523,V0030,PO100399,64100,2025-07-26,2025-08-25,18505.47,USD,Paid
INV200392,V0046,PO100300,62300,2025-07-27,2025-09-25,3391.58,USD,Paid
INV200248,V0032,PO100194,61300,2025-07-28,2025-09-11,4479.83,USD,paid
INV200301,V0004,PO100231,60110,29-JUL-2025,28-AUG-2025,11701.58,GBP,Paid
INV200477,V0017,PO100366,61200,29-JUL-2025,12-SEP-2025,1670.25,USD,Paid
INV200651,V0040,,62400,29-JUL-2025,28-AUG-2025,620.67,USD,Paid
INV200514,V0002,PO100391,62300,2025-07-30,2025-09-13,3366.82,USD,Paid
INV200565,V0020,PO100431,61400,2025-07-30,2025-08-14,24088.59,USD,Paid
INV200603,V0034,PO100454,63200,2025-07-30,2025-08-14,565.76,EUR,  Paid
INV200168,V0017,PO100137,61400,2025-08-04,2025-09-18,22240.99,USD,Paid
INV200332,V0027,PO100257,61200,08/05/2025,09/04/2025,2997.12,USD,Paid
INV200050,V0009,PO100039,61300,2025-08-06,2025-08-21,24261.50,USD,Paid
INV200259,V0016,PO100204,64200,2025-08-06,2025-09-05,23938.61,USD,PAID
INV200637,V0040,PO100479,62100,2025-08-07,2025-09-06,83.54,USD,Paid
INV200671,V0016,PO100204,64200,2025-08-08,2025-09-07,23938.61,USD,paid
INV200559,V0016,PO100425,64200,2025-08-09,2025-09-08,25197.39,USD,Paid
INV200079,V0042,PO100070,64200,2025-08-11,2025-09-25,22823.14,USD,PAID
INV200147,V0023,PO100121,60100,2025-08-11,2025-09-25,2919.45,USD,Paid
INV200045,V0035,PO100036,61400,2025-08-12,2025-09-11,4971.67,GBP,paid
INV200226,V0031,PO100180,60200,2025-08-12,2025-09-11,58813.08,USD,PAID
INV200524,V0030,PO100399,61300,2025-08-12,2025-09-11,20946.04,USD,Paid
INV200666,V0042,PO100070,64200,2025-08-12,2025-09-26,22823.14,USD,Paid
INV200553,V0009,PO100421,61100,2025-08-13,2025-08-28,11757.50,USD,  Paid
INV200600,V0018,PO100451,62300,2025-08-14,2025-09-13,1073.31,USD,Paid
INV200122,V0045,PO100101,61100,2025-08-16,2025-09-30,8371.86,USD,paid
INV200556,V0028,PO100424,63300,2025-08-16,2025-10-15,9111.96,USD,Paid
INV200315,V0038,PO100242,61200,08/17/2025,10/01/2025,2001.14,USD,Paid
INV200148,V0023,PO100121,60100,2025-08-18,2025-10-02,3930.99,USD,Paid
INV200333,V0027,PO100257,61300,2025-08-20,2025-09-19,4424.71,USD,PAID
INV200158,V0018,PO100129,62100,2025-08-21,2025-09-20,1471.28,USD,Paid  
INV200173,V0032,PO100140,61200,21-AUG-2025,05-OCT-2025,9007.57,USD,Paid
INV200478,V0017,PO100366,61200,2025-08-21,2025-10-05,258.68,USD,Paid
INV200623,V0039,PO100470,63300,08/23/2025,10/22/2025,31965.08,CAD,Paid
INV200670,V0018,PO100129,62100,2025-08-23,2025-09-22,1471.28,USD,Paid
INV200171,V0032,PO100139,61200,2025-08-24,2025-10-08,7950.50,USD,unpaid
INV200442,V0009,PO100342,61100,08/24/2025,09/08/2025,1880.38,USD,Paid
INV200459,V0016,PO100352,64200,2025-08-27,2025-09-26,7908.95,USD,  Paid
INV200438,V0017,PO100340,61100,2025-08-28,2025-10-12,5385.63,USD,Paid
INV200043,V0032,PO100035,61300,2025-08-29,2025-10-13,2654.63,USD,Paid
INV200367,V0020,PO100283,61300,2025-08-29,2025-09-13,4988.40,USD,Paid
INV200566,V0020,PO100431,61200,2025-08-29,2025-09-13,7425.34,USD,Paid
INV200075,V0008,PO100067,63100,08/30/2025,10/14/2025,635.57,EUR,Paid
INV200179,V0017,PO100144,61300,08/31/2025,10/15/2025,7991.61,USD,Paid
INV200239,V0007,PO100190,61200,2025-08-31,2025-10-15,5703.33,USD,Paid
INV200140,V0031,PO100115,60110,03-SEP-2025,03-OCT-2025,11140.98,USD,  Paid
INV200533,V0028,PO100405,64300,03-SEP-2025,02-NOV-2025,28000.84,USD,Paid
INV200537,V0048,PO100408,60200,2025-09-03,2025-10-18,63181.03,USD,Paid
INV200407,V0012,PO100317,62300,2025-09-04,2025-10-04,688.56,USD,Paid  
INV200507,V0001,PO100385,60100,2025-09-04,2025-10-04,6687.30,USD,Paid
INV200068,V0050,PO100060,60120,2025-09-05,2025-10-05,2691.82,USD,  Paid
INV200076,V0008,PO100067,65100,2025-09-06,2025-10-21,287.56,EUR,Paid
INV200099,V0042,PO100086,64300,09/06/2025,10/21/2025,16908.19,USD,Paid
INV200567,V0020,PO100431,61100,2025-09-06,2025-09-21,16573.98,USD,Paid
INV200141,V0031,PO100115,60120,10-SEP-2025,10-OCT-2025,30336.00,USD,  Paid
INV200601,V0018,PO100451,62100,09/10/2025,10/10/2025,418.96,USD,Paid
INV200149,V0034,PO100122,63200,2025-09-11,2025-09-26,1623.44,EUR,Paid
INV200172,V0032,PO100139,61200,2025-09-11,2025-10-26,4561.11,USD,Paid
INV200224,V0042,PO100178,64300,2025-09-11,2025-10-26,25198.78,USD,Paid
INV200042,V0008,PO100034,63100,2025-09-13,2025-10-28,377.27,EUR,Paid
INV200174,V0032,PO100140,61300,09/13/2025,10/28/2025,14278.63,USD,Paid
INV200482,V0025,PO100368,61200,2025-09-14,2025-10-14,4198.69,GBP,Paid
INV200150,V0009,PO100123,61200,2025-09-15,2025-09-30,5681.98,USD,Paid
INV200288,V0001,PO100224,60100,2025-09-16,2025-10-31,8694.21,USD,Paid
INV200323,V0042,PO100248,63300,2025-09-16,2025-10-31,24664.00,USD,Paid
INV200025,V0048,PO100020,60100,2025-09-17,2025-11-01,11304.74,USD,paid
INV200508,V0001,PO100385,60200,2025-09-17,2025-11-01,4459.61,USD,Paid
INV200316,V0038,PO100242,61400,09/19/2025,11/03/2025,1249.76,USD,Paid
INV200624,V0039,PO100470,64100,2025-09-19,2025-11-18,665.45,CAD,Paid
INV200625,V0039,PO100470,64300,2025-09-19,2025-11-18,36135.28,CAD,paid
INV200010,V0031,PO100009,60120,2025-09-21,2025-10-21,13451.28,USD,PAID
INV200334,V0027,PO100257,61100,2025-09-21,2025-10-21,2831.76,USD,Paid
INV200217,V0009,PO100173,61200,2025-09-22,2025-10-07,3103.72,USD,Paid
INV200505,V0002,PO100383,62300,2025-09-22,2025-11-06,9913.00,USD,Paid
INV200509,V0009,PO100386,61300,2025-09-23,2025-10-08,2616.39,USD,Paid
INV200534,V0042,PO100406,63300,2025-09-23,2025-11-07,33922.16,USD,PAID
INV200664,V0009,PO100173,61200,09/23/2025,10/08/2025,3103.72,USD,paid
INV200071,V0022,PO100061,61400,2025-09-24,2025-10-24,5175.10,USD,Paid
INV200112,V0004,PO100095,60100,09/24/2025,10/24/2025,7764.44,GBP,Paid
INV200522,V0042,PO100398,64100,2025-09-24,2025-11-08,97848.78,USD,Paid
INV200638,V0040,PO100479,62200,2025-09-24,2025-10-24,646.28,USD,PAID
INV200210,V0030,PO100169,64100,09/25/2025,10/25/2025,2216.07,USD,Paid
INV200414,V0001,PO100326,60200,2025-09-25,2025-11-09,31198.28,USD,Paid
INV200216,V0004,PO100172,60120,2025-09-26,2025-10-26,8410.70,GBP,  Paid
INV200289,V0001,PO100224,60110,2025-09-28,2025-11-12,10837.06,USD,Paid
INV200479,V0017,PO100366,61100,09/30/2025,11/14/2025,1342.98,USD,  Paid
INV200139,V0029,PO100114,61300,01-OCT-2025,30-NOV-2025,27587.68,USD,Paid
INV200510,V0042,PO100387,61300,2025-10-01,2025-11-15,37278.99,USD,PAID
INV200240,V0007,PO100190,61300,2025-10-03,2025-11-17,2019.65,USD,Paid
INV200287,V0037,PO100222,62100,10/04/2025,12/03/2025,1826.77,USD,Paid  
INV200443,V0009,PO100342,61200,2025-10-06,2025-10-21,331.61,USD,Paid
INV200530,V0002,PO100402,62100,10/07/2025,11/21/2025,4298.27,USD,Paid
INV200018,V0009,PO100015,61200,2025-10-09,2025-10-24,744.44,USD,Paid
INV200069,V0050,PO100060,60100,2025-10-09,2025-11-08,2982.15,USD,Paid
INV200415,V0001,PO100326,60120,2025-10-09,2025-11-23,592.64,USD,Paid  
INV200614,V0022,PO100464,61100,2025-10-09,2025-11-08,28963.95,USD,Paid
INV200125,V0038,PO100104,61100,2025-10-11,2025-11-25,7155.31,USD,Paid
INV200345,V0008,PO100265,63100,10/11/2025,11/25/2025,57.45,EUR,Paid
INV200279,V0017,PO100217,61100,10/12/2025,11/26/2025,4914.11,USD,Paid
INV200564,V0050,PO100429,60200,2025-10-12,2025-11-11,10772.46,USD,Paid
INV200019,V0009,PO100015,61100,14-OCT-2025,29-OCT-2025,1755.23,USD,Paid
INV200164,V0031,PO100134,60110,2025-10-14,2025-11-13,17617.10,USD,Unpaid
INV200453,V0027,PO100349,61200,15-OCT-2025,14-NOV-2025,592.67,USD,unpaid
INV200602,V0018,PO100451,62400,10/15/2025,11/14/2025,2296.92,USD,Paid
INV200026,V0048,PO100020,60110,10/16/2025,11/30/2025,37181.12,USD,Paid
INV200084,V0007,PO100074,61100,2025-10-17,2025-12-01,3831.27,USD,Paid
INV200465,V0029,PO100357,64200,17-OCT-2025,16-DEC-2025,21052.09,USD,  Paid
INV200335,V0042,PO100258,64300,2025-10-18,2025-12-02,6106.67,USD,Paid
INV200499,V0001,PO100378,60120,2025-10-18,2025-12-02,59918.18,USD,Paid
INV200375,V0047,PO100288,63200,2025-10-19,2025-11-18,759.44,USD,PAID
INV200416,V0001,PO100326,60110,19-OCT-2025,03-DEC-2025,28054.03,USD,Paid
INV200188,V0009,PO100153,61300,2025-10-20,2025-11-04,2904.58,USD,Paid
INV200659,V0007,PO100074,61100,2025-10-20,2025-12-04,3831.27,USD,Paid
INV200422,V0032,PO100330,61400,2025-10-21,2025-12-05,3464.88,USD,Paid
INV200083,V0009,PO100073,61400,22-OCT-2025,06-NOV-2025,30499.24,USD,PAID
INV200219,V0009,PO100175,61100,2025-10-22,2025-11-06,3283.35,USD,PAID
INV200353,V0040,PO100270,62300,2025-10-23,2025-11-22,836.37,USD,Paid
INV200483,V0025,PO100368,61200,2025-10-23,2025-11-22,3500.99,GBP,Paid
INV200211,V0030,PO100169,64300,10/24/2025,11/23/2025,4105.89,USD,Paid
INV200646,V0022,,61400,2025-10-27,2025-11-26,12079.03,USD,Paid
INV200647,V0006,,61300,2025-10-27,2025-11-11,6218.67,USD,Paid
INV200326,V0016,PO100251,61300,2025-10-29,2025-11-28,111343.57,USD,  Paid
INV200366,V0040,PO100281,62400,2025-10-31,2025-11-30,661.00,USD,  Paid
INV200627,V0047,PO100472,65100,2025-10-31,2025-11-30,705.82,USD,Paid
INV200204,V0048,PO100164,60100,11/01/2025,12/16/2025,2324.26,USD,paid
INV200241,V0007,PO100190,61100,2025-11-01,2025-12-16,2328.45,USD,Paid
INV200336,V0042,PO100258,61300,2025-11-01,2025-12-16,19267.39,USD,Unpaid
INV200354,V0040,PO100270,62400,2025-11-01,2025-12-01,1206.37,USD,Unpaid
INV200444,V0009,PO100342,61200,2025-11-02,2025-11-17,1455.13,USD,PAID
INV200454,V0027,PO100349,61300,2025-11-02,2025-12-02,1629.76,USD,paid
INV200503,V0004,PO100382,60120,2025-11-02,2025-12-02,3292.97,GBP,Paid
INV200587,V0017,PO100442,61200,2025-11-02,2025-12-17,3130.35,USD,Paid
INV200151,V0024,PO100124,64100,2025-11-03,2025-12-18,6168.05,USD,Paid
INV200626,V0032,PO100471,61200,03-NOV-2025,18-DEC-2025,12023.63,USD,Paid
INV200016,V0035,PO100013,61100,11/05/2025,12/05/2025,4776.18,GBP,PAID
INV200280,V0017,PO100217,61300,11/05/2025,12/20/2025,4353.82,USD,paid
INV200070,V0050,PO100060,60100,06-NOV-2025,06-DEC-2025,4118.94,USD,Paid
INV200376,V0047,PO100288,65100,11/06/2025,12/06/2025,359.84,USD,Unpaid
INV200236,V0009,PO100187,61100,2025-11-08,2025-11-23,6685.02,USD,Paid  
INV200501,V0018,PO100379,62400,2025-11-08,2025-12-08,2355.03,USD,Paid
INV200577,V0002,PO100436,62300,08-NOV-2025,23-DEC-2025,1875.55,USD,Paid
INV200341,V0009,PO100262,61100,2025-11-10,2025-11-25,3453.43,USD,Paid
INV200500,V0001,PO100378,60200,2025-11-11,2025-12-26,30905.95,USD,Paid
INV200578,V0002,PO100436,62100,11/13/2025,12/13/2025,751.49,USD,Paid
INV200263,V0020,PO100207,61300,2025-11-14,2025-11-29,11497.71,USD,Paid
INV200037,V0038,PO100031,61400,2025-11-15,2025-12-30,4012.44,USD,Paid
INV200655,V0047,,65100,16-NOV-2025,16-DEC-2025,943.00,USD,Paid
INV200328,V0042,PO100253,63300,11/18/2025,01/02/2026,6443.23,USD,Paid
INV200358,V0030,PO100275,64200,11/18/2025,12/18/2025,25376.08,USD,Paid
INV200095,V0040,PO100084,62400,2025-11-21,2025-12-21,1362.63,USD,PAID
INV200357,V0009,PO100273,61100,2025-11-21,2025-12-06,6261.47,USD,Unpaid
INV200484,V0025,PO100368,61400,2025-11-21,2025-12-21,6289.25,GBP,Paid
INV200152,V0024,PO100124,63300,2025-11-25,2026-01-09,5068.07,USD,Paid
INV200463,V0018,PO100355,62400,2025-11-26,2025-12-26,2013.71,USD,paid
INV200342,V0009,PO100262,61400,2025-11-29,2025-12-14,2479.01,USD,Paid
INV200520,V0047,PO100396,63100,11/29/2025,12/29/2025,533.15,USD,PAID
INV200264,V0020,PO100207,61300,2025-11-30,2025-12-15,560.21,USD,Paid
INV200490,V0038,PO100372,61300,2025-12-01,2026-01-15,154.10,USD,Paid
INV200504,V0004,PO100382,60100,01-DEC-2025,31-DEC-2025,3313.21,GBP,Paid
INV200588,V0017,PO100442,61100,2025-12-01,2026-01-15,4932.66,USD,Paid
INV200381,V0041,PO100292,60120,2025-12-02,2026-01-01,5834.92,USD,Paid
INV200423,V0032,PO100330,61100,03-DEC-2025,17-JAN-2026,1062.54,USD,PAID
INV200489,V0038,PO100372,61100,2025-12-03,2026-01-17,534.67,USD,Paid
INV200064,V0009,PO100057,61300,2025-12-04,2025-12-19,935.72,USD,Paid
INV200017,V0043,PO100014,61200,2025-12-05,2025-12-20,20499.78,USD,Unpaid
INV200205,V0048,PO100164,60200,2025-12-05,2026-01-19,4153.21,USD,Unpaid
INV200579,V0002,PO100436,62200,2025-12-05,2026-01-04,1062.10,USD,Paid
INV200060,V0008,PO100054,63200,2025-12-08,2025-12-23,389.65,EUR,  Paid
INV200359,V0030,PO100275,63300,2025-12-08,2026-01-07,20227.93,USD,  Paid
INV200604,V0048,PO100455,60120,2025-12-08,2026-01-22,17278.07,USD,Paid
INV200221,V0042,PO100176,63300,2025-12-09,2026-01-23,2491.57,USD,paid
INV200348,V0048,PO100267,60110,2025-12-09,2026-01-23,9483.20,USD,Paid  
INV200346,V0008,PO100265,63200,2025-12-10,2025-12-25,204.00,EUR,Paid
INV200349,V0048,PO100267,60200,2025-12-12,2026-01-26,4467.73,USD,Paid
INV200535,V0001,PO100407,60110,12/12/2025,01/26/2026,23644.83,USD,Paid
INV200613,V0017,PO100463,61200,2025-12-12,2026-01-26,9162.51,USD,  Paid
INV200220,V0042,PO100176,64300,12/13/2025,01/27/2026,5101.19,USD,Paid
INV200038,V0038,PO100031,61100,2025-12-14,2026-01-28,5029.48,USD,Paid
INV200452,V0048,PO100348,60110,2025-12-14,2026-01-28,99497.59,USD,Paid
INV200654,V0011,,61200,2025-12-18,2026-02-01,4786.54,GBP,Paid
INV200107,V0032,PO100091,61300,12/20/2025,02/03/2026,5966.94,USD,PAID
INV200153,V0025,PO100125,61200,20-DEC-2025,19-JAN-2026,3077.91,GBP,Paid
INV200417,V0040,PO100327,62300,2025-12-21,2026-01-20,975.14,USD,Paid
INV200649,V0034,,63200,2025-12-21,2026-01-05,530.52,EUR,PAID
INV200372,V0009,PO100286,61100,2025-12-23,2026-01-07,8347.08,USD,Paid
INV200127,V0048,PO100106,60120,12/24/2025,02/07/2026,10248.00,USD,Paid
INV200378,V0025,PO100290,61200,2025-12-24,2026-01-23,1284.90,GBP,Paid
INV200021,V0032,PO100017,61100,2025-12-26,2026-02-09,4803.72,USD,Paid
INV200154,V0025,PO100125,61100,28-DEC-2025,27-JAN-2026,2260.49,GBP,Paid
INV200059,V0008,PO100053,65100,12/29/2025,01/13/2026,415.45,EUR,PAID
INV200194,V0020,PO100158,61300,2025-12-31,2026-01-15,3875.81,USD,Paid
INV200243,V0031,PO100192,60200,2025-12-31,2026-01-30,11478.90,USD,Paid
INV200360,V0009,PO100276,61400,2025-12-31,2026-01-15,2737.64,USD,Paid
INV200262,V0028,PO100206,64100,2026-01-01,2026-03-02,96416.28,USD,Paid
INV200583,V0038,PO100439,61100,2026-01-01,2026-02-15,3629.78,USD,PAID
INV200308,V0034,PO100237,65100,02-JAN-2026,17-JAN-2026,2287.79,EUR,  Paid
INV200322,V0050,PO100247,60200,03-JAN-2026,02-FEB-2026,68842.95,USD,Paid
INV200355,V0040,PO100270,62300,01/03/2026,02/02/2026,1024.37,USD,Paid
INV200455,V0021,PO100350,61300,2026-01-03,2026-03-04,17237.27,USD,PAID
INV200065,V0009,PO100057,61400,2026-01-04,2026-01-19,3038.31,USD,Paid
INV200061,V0008,PO100054,63100,2026-01-09,2026-01-24,165.86,EUR,Paid
INV200110,V0008,PO100093,63100,2026-01-09,2026-01-24,513.01,EUR,paid
INV200145,V0001,PO100119,60110,2026-01-11,2026-02-25,89561.19,USD,Paid
INV200051,V0040,PO100042,62100,12-JAN-2026,11-FEB-2026,2573.29,USD,Paid
INV200138,V0048,PO100113,60200,2026-01-12,2026-02-26,14357.22,USD,Paid
INV200254,V0048,PO100199,60100,2026-01-12,2026-02-26,16326.03,USD,Unpaid
INV200344,V0040,PO100264,62300,01/12/2026,02/11/2026,1062.79,USD,Paid
INV200350,V0048,PO100267,60110,2026-01-13,2026-02-27,9282.67,USD,Paid
INV200373,V0009,PO100286,61100,2026-01-14,2026-01-29,9391.31,USD,Paid
INV200265,V0020,PO100207,61100,2026-01-15,2026-01-30,16389.54,USD,Paid
INV200379,V0025,PO100290,61400,01/15/2026,02/14/2026,4751.06,GBP,paid
INV200128,V0048,PO100106,60120,2026-01-16,2026-03-02,5453.19,USD,Paid
INV200536,V0001,PO100407,60200,2026-01-16,2026-03-02,6201.80,USD,Paid
INV200494,V0038,PO100375,61400,2026-01-17,2026-03-03,7007.23,USD,paid
INV200244,V0031,PO100192,60200,2026-01-18,2026-02-17,1493.64,USD,paid
INV200129,V0048,PO100106,60100,01/19/2026,03/05/2026,19731.61,USD,Paid
INV200245,V0031,PO100192,60110,2026-01-19,2026-02-18,10744.44,USD,PAID
INV200089,V0031,PO100079,60100,2026-01-20,2026-02-19,113824.02,USD,Paid
INV200512,V0007,PO100389,61400,2026-01-22,2026-03-08,10660.76,USD,Paid
INV200195,V0020,PO100158,61100,2026-01-23,2026-02-07,3662.07,USD,Paid
INV200277,V0042,PO100216,64300,01/24/2026,03/10/2026,5508.80,USD,Paid
INV200393,V0017,PO100302,61400,2026-01-24,2026-03-10,3147.33,USD,PAID
INV200258,V0040,PO100203,62400,2026-01-25,2026-02-24,2082.48,USD,Paid
INV200491,V0038,PO100372,61300,2026-01-25,2026-03-11,1854.77,USD,Paid
INV200206,V0040,PO100165,62200,26-JAN-2026,25-FEB-2026,2160.55,USD,paid
INV200130,V0032,PO100108,61200,01/27/2026,03/13/2026,16599.48,USD,Unpaid
INV200312,V0033,PO100240,63100,2026-01-27,2026-03-28,1836.34,USD,Paid
INV200039,V0038,PO100031,61100,01/29/2026,03/15/2026,7873.99,USD,Paid  
INV200418,V0040,PO100327,62300,29-JAN-2026,28-FEB-2026,643.28,USD,PAID
INV200449,V0002,PO100347,62300,2026-01-29,2026-02-28,127.61,USD,Paid
INV200469,V0009,PO100360,61100,2026-01-29,2026-02-13,5588.76,USD,PAID
INV200584,V0038,PO100439,61300,2026-01-29,2026-03-15,6962.82,USD,Paid
INV200488,V0001,PO100371,60200,2026-01-31,2026-03-17,43804.32,USD,  Paid
INV200658,V0028,,63300,2026-01-31,2026-04-01,5448.27,USD,Paid
INV200399,V0009,PO100312,61100,02/02/2026,02/17/2026,13210.67,USD,Paid
INV200635,V0009,PO100478,61200,2026-02-03,2026-02-18,5945.67,USD,Paid
INV200123,V0018,PO100102,62100,2026-02-04,2026-03-06,12196.53,USD,Paid
INV200022,V0037,PO100018,62100,2026-02-05,2026-04-06,387.60,USD,paid
INV200132,V0032,PO100108,61100,02/07/2026,03/24/2026,11299.53,USD,  Paid
INV200511,V0050,PO100388,60120,2026-02-07,2026-03-09,39163.63,USD,paid
INV200594,V0028,PO100447,61300,2026-02-07,2026-04-08,16085.53,USD,  Paid
INV200040,V0042,PO100032,64100,02/09/2026,03/26/2026,26434.54,USD,paid
INV200618,V0027,PO100466,61200,11-FEB-2026,13-MAR-2026,951.76,USD,Paid
INV200013,V0032,PO100012,61300,2026-02-12,2026-03-29,1853.54,USD,Paid
INV200078,V0044,PO100069,60120,2026-02-12,2026-03-14,14298.27,CAD,Paid
INV200196,V0020,PO100158,61200,02/13/2026,02/28/2026,2581.85,USD,Paid
INV200495,V0035,PO100376,61300,2026-02-13,2026-03-15,2335.37,GBP,Paid
INV200131,V0032,PO100108,61100,2026-02-14,2026-03-31,1396.58,USD,Paid
INV200493,V0012,PO100374,62400,2026-02-14,2026-03-16,2180.16,USD,Paid
INV200665,V0035,PO100376,61300,2026-02-14,2026-03-16,2335.37,GBP,Paid
INV200111,V0049,PO100094,61100,2026-02-15,2026-03-17,2984.12,USD,paid
INV200400,V0027,PO100314,61200,2026-02-15,2026-03-17,1734.68,USD,  Paid
INV200209,V0048,PO100168,60120,02/19/2026,04/05/2026,11931.78,USD,Paid
INV200066,V0043,PO100058,61200,2026-02-20,2026-03-07,15006.19,USD,PAID
INV200409,V0049,PO100319,61400,2026-02-22,2026-03-24,8366.77,USD,Paid
INV200053,V0040,PO100045,62400,2026-02-23,2026-03-25,1415.49,USD,Paid
INV200401,V0027,PO100314,61400,2026-02-23,2026-03-25,592.39,USD,paid
INV200450,V0002,PO100347,62200,23-FEB-2026,25-MAR-2026,65.75,USD,Paid
INV200668,V0040,PO100045,62400,2026-02-24,2026-03-26,1415.49,USD,Paid
INV200278,V0042,PO100216,64300,2026-02-25,2026-04-11,1458.13,USD,Paid
INV200619,V0027,PO100466,61300,2026-02-28,2026-03-30,3079.11,USD,Paid
INV200023,V0037,PO100018,62300,2026-03-01,2026-04-30,175.72,USD,paid
INV200284,V0004,PO100221,60120,2026-03-01,2026-03-31,13755.06,GBP,paid
INV200114,V0028,PO100097,64300,2026-03-02,2026-05-01,11030.54,USD,Paid
INV200364,V0025,PO100280,61400,2026-03-02,2026-04-01,929.48,GBP,Paid
INV200502,V0048,PO100380,60100,2026-03-02,2026-04-16,109992.41,USD,Paid
INV200014,V0032,PO100012,61300,2026-03-03,2026-04-17,22.21,USD,Paid
INV200352,V0040,PO100269,62100,2026-03-05,2026-04-04,1791.11,USD,Paid
INV200408,V0017,PO100318,61200,2026-03-05,2026-04-19,3749.43,USD,Paid
INV200073,V0024,PO100065,64300,2026-03-07,2026-04-21,5375.96,USD,PAID
INV200595,V0028,PO100447,61300,2026-03-08,2026-05-07,4434.38,USD,Paid
INV200157,V0021,PO100128,64300,09-MAR-2026,08-MAY-2026,22801.32,USD,Paid
INV200242,V0017,PO100191,61400,2026-03-09,2026-04-23,5975.62,USD,Paid
INV200176,V0027,PO100143,61300,03/10/2026,04/09/2026,598.28,USD,Paid
INV200470,V0009,PO100360,61300,2026-03-10,2026-03-25,1479.54,USD,Paid
INV200146,V0033,PO100120,63200,2026-03-11,2026-05-10,231.80,USD,Paid
INV200496,V0035,PO100376,61400,12-MAR-2026,11-APR-2026,623.33,GBP,Unpaid  
INV200142,V0003,PO100116,60100,2026-03-13,2026-04-27,13982.42,USD,Paid
INV200034,V0042,PO100029,64300,17-MAR-2026,01-MAY-2026,7365.82,USD,Paid
INV200003,V0025,PO100002,61200,2026-03-19,2026-04-18,5267.84,GBP,Paid
INV200269,V0040,PO100211,62100,2026-03-22,2026-04-21,1207.49,USD,Paid
INV200193,V0030,PO100157,64200,2026-03-24,2026-04-23,23654.16,USD,Paid
INV200538,V0031,PO100409,60100,2026-03-24,2026-04-23,65397.74,USD,Paid
INV200309,V0049,PO100238,61200,2026-03-25,2026-04-24,9411.69,USD,Paid
INV200446,V0027,PO100344,61400,25-MAR-2026,24-APR-2026,26279.06,USD,Paid
INV200398,V0041,PO100310,60110,03/26/2026,04/25/2026,40907.60,USD,Paid
INV200451,V0002,PO100347,62200,2026-03-28,2026-04-27,439.49,USD,Paid
INV200212,V0032,PO100170,61100,29-MAR-2026,13-MAY-2026,2510.28,USD,Paid
INV200403,V0048,PO100315,60100,2026-03-29,2026-05-13,13419.20,USD,Paid
INV200521,V0004,PO100397,60110,03/29/2026,04/28/2026,113609.56,GBP,Paid  
INV200024,V0017,PO100019,61300,03/30/2026,05/14/2026,5570.42,USD,Paid
INV200056,V0024,PO100050,63300,2026-03-30,2026-05-14,11695.72,USD,Paid
INV200337,V0002,PO100259,62400,01-APR-2026,01-MAY-2026,1948.92,USD,Paid
INV200184,V0009,PO100150,61100,2026-04-02,2026-04-17,4520.99,USD,  Paid
INV200560,V0047,PO100426,63100,05-APR-2026,05-MAY-2026,827.80,USD,Paid
INV200177,V0027,PO100143,61400,06-APR-2026,06-MAY-2026,347.26,USD,Paid
INV200137,V0020,PO100112,61300,2026-04-07,2026-04-22,22209.77,USD,paid
INV200402,V0027,PO100314,61200,2026-04-08,2026-05-08,1928.43,USD,Paid
INV200285,V0004,PO100221,60200,2026-04-09,2026-05-09,13863.18,GBP,Paid
INV200371,V0009,PO100285,61400,2026-04-09,2026-04-24,5026.38,USD,Paid
INV200238,V0048,PO100189,60200,04/10/2026,05/25/2026,7148.40,USD,Paid
INV200456,V0034,PO100351,65100,2026-04-10,2026-04-25,174.88,EUR,paid
INV200115,V0028,PO100097,61300,2026-04-11,2026-06-10,8502.61,USD,Paid
INV200324,V0001,PO100249,60120,2026-04-11,2026-05-26,67894.98,USD,Paid
INV200313,V0033,PO100241,65100,2026-04-12,2026-06-11,145.43,USD,Paid
INV200035,V0042,PO100029,64300,2026-04-13,2026-05-28,21124.91,USD,Paid
INV200361,V0012,PO100278,62300,2026-04-13,2026-05-13,1084.93,USD,PAID
INV200310,V0050,PO100239,60200,2026-04-15,2026-05-15,3739.86,USD,Paid
INV200419,V0017,PO100328,61400,2026-04-16,2026-05-31,2048.17,USD,  Paid
INV200015,V0032,PO100012,61300,2026-04-18,2026-06-02,4130.39,USD,Paid
INV200405,V0048,PO100315,60100,2026-04-20,2026-06-04,43840.24,USD,Unpaid  
INV200457,V0034,PO100351,65100,2026-04-20,2026-05-05,135.83,EUR,  Paid
INV200049,V0050,PO100038,60100,2026-04-22,2026-05-22,106825.72,USD,  Paid
INV200365,V0025,PO100280,61200,2026-04-23,2026-05-23,2642.16,GBP,Unpaid
INV200027,V0008,PO100022,63100,2026-04-24,2026-05-09,406.71,EUR,paid
INV200641,V0039,,64100,2026-04-25,2026-06-24,13551.00,CAD,paid
INV200404,V0048,PO100315,60110,2026-04-26,2026-06-10,8025.70,USD,Unpaid
INV200362,V0016,PO100279,64200,2026-04-29,2026-05-29,14026.07,USD,paid
INV200644,V0012,,62400,2026-04-29,2026-05-29,2144.37,USD,PAID
INV200041,V0042,PO100033,63300,2026-05-01,2026-06-15,82700.03,USD,  Paid
INV200581,V0021,PO100438,64100,05/01/2026,06/30/2026,21249.68,USD,Unpaid
INV200338,V0009,PO100260,61300,2026-05-04,2026-05-19,3910.80,USD,unpaid
INV200652,V0043,,61300,2026-05-06,2026-05-21,2201.89,USD,Unpaid
INV200178,V0027,PO100143,61300,07-MAY-2026,06-JUN-2026,1375.50,USD,Unpaid
INV200198,V0025,PO100161,61200,05/07/2026,06/06/2026,11567.84,GBP,Unpaid
INV200343,V0031,PO100263,60100,2026-05-07,2026-06-06,9216.22,USD,  Unpaid
INV200057,V0014,PO100051,62100,2026-05-08,2026-07-07,5729.28,USD,Unpaid
INV200544,V0021,PO100414,61300,2026-05-09,2026-07-08,9782.93,USD,UNPAID
INV200428,V0023,PO100334,60120,2026-05-14,2026-06-28,5228.15,USD,unpaid
INV200531,V0022,PO100403,61200,2026-05-14,2026-06-13,2524.64,USD,Unpaid
INV200286,V0004,PO100221,60100,2026-05-15,2026-06-14,10318.77,GBP,Paid
INV200573,V0040,PO100434,62200,2026-05-16,2026-06-15,130.12,USD,Unpaid
INV200314,V0033,PO100241,63100,2026-05-17,2026-07-16,70.81,USD,UNPAID
INV200620,V0009,PO100468,61100,05/17/2026,06/01/2026,1281.75,USD,paid
INV200425,V0032,PO100332,61300,2026-05-19,2026-07-03,3885.21,USD,Paid
INV200267,V0020,PO100210,61200,2026-05-20,2026-06-04,1208.72,USD,Unpaid
INV200052,V0048,PO100044,60120,2026-05-24,2026-07-08,7039.76,USD,paid
INV200080,V0021,PO100071,64100,25-MAY-2026,24-JUL-2026,54476.16,USD,Unpaid
INV200593,V0042,PO100446,61300,2026-05-25,2026-07-09,60763.98,USD,Paid
INV200230,V0030,PO100184,64100,2026-05-29,2026-06-28,11404.68,USD,Paid
INV200650,V0019,,61200,2026-05-29,2026-07-28,9578.25,USD,Paid
INV200207,V0027,PO100166,61400,2026-05-31,2026-06-30,2186.43,USD,Unpaid
INV200311,V0050,PO100239,60100,05/31/2026,06/30/2026,6240.44,USD,Unpaid
INV200363,V0016,PO100279,64200,2026-05-31,2026-06-30,4914.88,USD,PAID
INV200222,V0041,PO100177,60100,06/01/2026,07/01/2026,4669.48,USD,Unpaid
INV200339,V0009,PO100260,61300,2026-06-03,2026-06-18,3377.12,USD,Paid
INV200667,V0016,PO100279,64200,2026-06-03,2026-07-03,4914.88,USD,Paid
INV200545,V0021,PO100414,61300,2026-06-04,2026-08-03,7319.07,USD,Unpaid
INV200159,V0048,PO100130,60200,2026-06-05,2026-07-20,43838.48,USD,UNPAID
INV200582,V0021,PO100438,61300,06/05/2026,08/04/2026,26725.57,USD,  Paid
INV200028,V0008,PO100022,63100,06-JUN-2026,21-JUN-2026,130.48,EUR,Unpaid
INV200119,V0042,PO100100,61300,2026-06-08,2026-07-23,32334.08,USD,Paid
INV200268,V0020,PO100210,61100,2026-06-08,2026-06-23,2367.39,USD,unpaid
INV200189,V0040,PO100154,62400,06/10/2026,07/10/2026,2807.47,USD,Unpaid
INV200574,V0040,PO100434,62400,06/11/2026,07/11/2026,170.85,USD,Paid
INV200575,V0040,PO100434,62400,2026-06-11,2026-07-11,244.08,USD,Unpaid
INV200461,V0004,PO100354,60120,2026-06-12,2026-07-12,6835.90,GBP,Unpaid
INV200435,V0030,PO100338,64100,2026-06-14,2026-07-14,17011.67,USD,Paid
INV200656,V0017,,61300,2026-06-14,2026-07-29,2966.31,USD,Paid
INV200429,V0023,PO100334,60100,2026-06-15,2026-07-30,6381.68,USD,Unpaid
INV200621,V0009,PO100468,61100,2026-06-15,2026-06-30,85.65,USD,Paid
INV200162,V0018,PO100132,62200,2026-06-16,2026-07-16,2496.01,USD,Unpaid
INV200462,V0004,PO100354,60110,06/17/2026,07/17/2026,14570.17,GBP,Unpaid
INV200117,V0040,PO100099,62300,18-JUN-2026,18-JUL-2026,2013.23,USD,Unpaid
INV200163,V0002,PO100133,62200,2026-06-18,2026-07-18,2512.55,USD,UNPAID
INV200270,V0031,PO100212,60120,2026-06-24,2026-07-24,7358.22,USD,Unpaid
INV200294,V0032,PO100227,61300,2026-06-26,2026-08-10,4457.83,USD,UNPAID
INV200325,V0048,PO100250,60200,2026-06-27,2026-08-11,17845.75,USD,Unpaid
INV200551,V0049,PO100418,61200,2026-06-27,2026-07-27,7178.72,USD,Unpaid
INV200622,V0009,PO100468,61400,2026-06-28,2026-07-13,1844.08,USD,Unpaid
INV200271,V0031,PO100212,60200,2026-06-30,2026-07-30,4348.94,USD,Unpaid
INV200118,V0040,PO100099,62300,2026-07-03,2026-08-02,1783.23,USD,UNPAID
INV200020,V0038,PO100016,61400,06-JUL-2026,20-AUG-2026,14124.11,USD,Unpaid
INV200190,V0040,PO100154,62100,06-JUL-2026,05-AUG-2026,985.38,USD,PAID
INV200231,V0030,PO100184,64200,2026-07-06,2026-08-05,4785.32,USD,Unpaid
INV200031,V0038,PO100025,61400,2026-07-08,2026-08-22,13442.38,USD,paid
INV200067,V0016,PO100059,64300,2026-07-09,2026-08-08,7613.55,USD,Paid
INV200634,V0028,PO100477,63300,2026-07-10,2026-09-08,40631.11,USD,UNPAID
INV200317,V0040,PO100243,62200,2026-07-11,2026-08-10,575.63,USD,Paid
INV200585,V0040,PO100440,62400,2026-07-15,2026-08-14,1014.32,USD,Paid  
INV200436,V0030,PO100338,64100,2026-07-18,2026-08-17,47597.23,USD,unpaid
INV200223,V0041,PO100177,60100,07/19/2026,08/18/2026,7436.07,USD,Unpaid
INV200340,V0009,PO100260,61400,2026-07-19,2026-08-03,2412.55,USD,Paid
INV200480,V0017,PO100367,61200,2026-07-25,2026-09-08,3946.39,USD,Unpaid
INV200395,V0047,PO100306,63200,07/26/2026,08/25/2026,3535.82,USD,Unpaid
INV200481,V0017,PO100367,61300,2026-07-26,2026-09-09,1685.06,USD,Unpaid
INV200596,V0042,PO100448,63300,2026-07-26,2026-09-09,34898.90,USD,unpaid
INV200318,V0040,PO100243,62300,2026-07-27,2026-08-26,1833.57,USD,Unpaid
INV200608,V0002,PO100460,62400,2026-07-28,2026-08-27,2872.13,USD,Unpaid
INV200586,V0040,PO100440,62400,29-JUL-2026,28-AUG-2026,475.69,USD,Unpaid
INV200143,V0012,PO100117,62400,2026-08-01,2026-08-31,3914.73,USD,unpaid
INV200135,V0022,PO100110,61200,02-AUG-2026,01-SEP-2026,5195.58,USD,Unpaid
INV200445,V0035,PO100343,61200,2026-08-07,2026-09-06,10005.14,GBP,Unpaid
INV200518,V0007,PO100394,61200,2026-08-07,2026-09-21,2448.46,USD,Paid  
INV200406,V0024,PO100316,61300,2026-08-08,2026-09-22,26808.96,USD,Unpaid  
INV200113,V0032,PO100096,61200,2026-08-11,2026-09-25,6751.14,USD,UNPAID
INV200136,V0022,PO100110,61300,2026-08-11,2026-09-10,7476.80,USD,Unpaid
INV200126,V0001,PO100105,60100,08/12/2026,09/26/2026,7731.38,USD,Unpaid
INV200662,V0001,PO100105,60100,2026-08-13,2026-09-27,7731.38,USD,Unpaid
INV200232,V0030,PO100184,64200,2026-08-14,2026-09-13,34050.82,USD,PAID
INV200401,V0027,PO100314,61400,2026-02-23,2026-03-25,592.39,USD,paid
INV200597,V0031,PO100449,60200,03/19/2025,04/18/2025,28145.48,USD,Paid
INV200625,V0039,PO100470,64300,2025-09-19,2025-11-18,36135.28,CAD,paid
