PAYMENT_ID,INVOICE_ID,VENDOR_KEY,VENDOR_ID,PAYMENT_DATE_KEY,PAYMENT_DATE,AMOUNT_PAID,CURRENCY,AMOUNT_PAID_USD,PAYMENT_METHOD,DAYS_TO_PAY,DAYS_LATE,IS_LATE
PAY300001,INV200612,47,V0047,20241027,2024-10-27,1002.22,USD,1002.22,Wire Transfer,27,0,False
PAY300002,INV200175,40,V0040,20241101,2024-11-01,649.89,USD,649.89,Wire Transfer,30,0,False
PAY300003,INV200657,12,V0012,20241127,2024-11-27,685.51,USD,685.51,Check,56,26,True
PAY300004,INV200589,25,V0025,20250126,2025-01-26,1658.07,GBP,2105.75,ACH,113,83,True
PAY300005,INV200426,17,V0017,20250221,2025-02-21,2498.71,USD,2498.71,ACH,138,93,True
PAY300006,INV200292,30,V0030,20250205,2025-02-05,1296.50,USD,1296.50,Wire Transfer,117,87,True
PAY300007,INV200293,30,V0030,20241025,2024-10-25,4251.38,USD,4251.38,Wire Transfer,13,0,False
PAY300008,INV200540,32,V0032,20241124,2024-11-24,5576.20,USD,5576.20,ACH,43,0,False
PAY300009,INV200218,31,V0031,20241109,2024-11-09,9634.76,USD,9634.76,Wire Transfer,22,0,False
PAY300010,INV200397,21,V0021,20241212,2024-12-12,12839.77,USD,12839.77,ACH,53,0,False
PAY300011,INV200541,9,V0009,20241102,2024-11-02,3016.97,USD,3016.97,ACH,9,0,False
PAY300012,INV200011,49,V0049,20241208,2024-12-08,25324.16,USD,25324.16,Check,43,13,True
PAY300013,INV200368,9,V0009,20241203,2024-12-03,6707.21,USD,6707.21,ACH,38,23,True
PAY300014,INV200281,23,V0023,20241209,2024-12-09,46343.34,USD,46343.34,ACH,40,0,False
PAY300015,INV200102,42,V0042,20241215,2024-12-15,18248.23,USD,18248.23,Check,43,0,False
PAY300016,INV200412,12,V0012,20241117,2024-11-17,798.36,USD,798.36,Check,14,0,False
PAY300017,INV200032,16,V0016,20241205,2024-12-05,14487.03,USD,14487.03,Check,28,0,False
PAY300018,INV200228,8,V0008,20241213,2024-12-13,415.30,EUR,448.52,ACH,36,0,False
PAY300019,INV200485,31,V0031,20241222,2024-12-22,6351.70,USD,6351.70,Wire Transfer,43,13,True
PAY300020,INV200273,42,V0042,20241209,2024-12-09,6959.56,USD,6959.56,ACH,28,0,False
PAY300021,INV200297,25,V0025,20241212,2024-12-12,5467.52,GBP,6943.75,ACH,30,0,False
PAY300022,INV200427,17,V0017,20241216,2024-12-16,6421.50,USD,6421.50,Wire Transfer,33,0,False
PAY300023,INV200542,9,V0009,20241121,2024-11-21,220.39,USD,220.39,ACH,8,0,False
PAY300024,INV200374,12,V0012,20241204,2024-12-04,664.51,USD,664.51,Check,16,0,False
PAY300025,INV200561,42,V0042,20250101,2025-01-01,37390.66,USD,37390.66,Wire Transfer,42,0,False
PAY300026,INV200062,43,V0043,20241218,2024-12-18,30610.88,USD,30610.88,ACH,27,0,False
PAY300027,INV200260,29,V0029,20250422,2025-04-22,2980.95,USD,2980.95,Check,151,91,True
PAY300028,INV200329,20,V0020,20241201,2024-12-01,2370.08,USD,2370.08,Wire Transfer,9,0,False
PAY300029,INV200590,25,V0025,20241215,2024-12-15,3112.38,GBP,3952.72,Wire Transfer,23,0,False
PAY300030,INV200413,12,V0012,20241217,2024-12-17,419.20,USD,419.20,Wire Transfer,23,0,False
PAY300031,INV200234,2,V0002,20241227,2024-12-27,4078.59,USD,4078.59,ACH,31,0,False
PAY300032,INV200369,9,V0009,20241205,2024-12-05,1670.85,USD,1670.85,Check,9,0,False
PAY300033,INV200448,32,V0032,20250110,2025-01-10,4247.84,USD,4247.84,Wire Transfer,44,0,False
PAY300034,INV200672,24,V0024,20250225,2025-02-25,8928.64,USD,8928.64,ACH,90,75,True
PAY300035,INV200645,1,V0001,20241226,2024-12-26,5279.64,USD,5279.64,Check,28,0,False
PAY300036,INV200320,22,V0022,20241226,2024-12-26,5231.35,USD,5231.35,ACH,26,0,False
PAY300037,INV200321,18,V0018,20241219,2024-12-19,814.29,USD,814.29,Wire Transfer,19,0,False
PAY300038,INV200181,42,V0042,20241228,2024-12-28,15268.92,USD,15268.92,ACH,27,0,False
PAY300039,INV200629,24,V0024,20241206,2024-12-06,11316.33,USD,11316.33,ACH,5,0,False
PAY300040,INV200580,42,V0042,20250115,2025-01-15,43302.81,USD,43302.81,Wire Transfer,42,0,False
PAY300041,INV200356,40,V0040,20250208,2025-02-08,1025.54,USD,1025.54,Check,65,35,True
PAY300042,INV200543,9,V0009,20241222,2024-12-22,7168.65,USD,7168.65,ACH,15,0,False
PAY300043,INV200298,25,V0025,20250210,2025-02-10,2541.56,GBP,3227.78,Wire Transfer,63,33,True
PAY300044,INV200133,42,V0042,20250225,2025-02-25,4385.54,USD,4385.54,Check,77,32,True
PAY300045,INV200229,8,V0008,20250227,2025-02-27,148.48,EUR,160.36,Corporate Card,79,34,True
PAY300046,INV200486,31,V0031,20250206,2025-02-06,17378.60,USD,17378.60,ACH,58,28,True
PAY300047,INV200609,9,V0009,20241226,2024-12-26,998.08,USD,998.08,Wire Transfer,12,0,False
PAY300048,INV200046,30,V0030,20250114,2025-01-14,1946.23,USD,1946.23,ACH,29,0,False
PAY300049,INV200370,9,V0009,20241223,2024-12-23,2783.18,USD,2783.18,Check,6,0,False
PAY300050,INV200008,48,V0048,20250226,2025-02-26,6732.35,USD,6732.35,ACH,69,24,True
PAY300051,INV200330,20,V0020,20250101,2025-01-01,4103.90,USD,4103.90,ACH,13,0,False
PAY300052,INV200274,38,V0038,20250120,2025-01-20,4056.36,USD,4056.36,ACH,31,0,False
PAY300053,INV200246,27,V0027,20250116,2025-01-16,12754.50,USD,12754.50,Check,26,0,False
PAY300054,INV200610,9,V0009,20241230,2024-12-30,988.34,USD,988.34,Corporate Card,7,0,False
PAY300055,INV200235,2,V0002,20250205,2025-02-05,4563.56,USD,4563.56,Wire Transfer,43,0,False
PAY300056,INV200033,16,V0016,20250125,2025-01-25,18072.55,USD,18072.55,ACH,30,0,False
PAY300057,INV200063,42,V0042,20250507,2025-05-07,37873.03,USD,37873.03,ACH,130,85,True
PAY300058,INV200519,47,V0047,20250226,2025-02-26,457.19,USD,457.19,ACH,60,30,True
PAY300059,INV200295,41,V0041,20250120,2025-01-20,33804.52,USD,33804.52,ACH,22,0,False
PAY300060,INV200385,27,V0027,20250127,2025-01-27,4500.68,USD,4500.68,ACH,29,0,False
PAY300061,INV200250,40,V0040,20250201,2025-02-01,1552.99,USD,1552.99,ACH,30,0,False
PAY300062,INV200430,29,V0029,20250303,2025-03-03,3157.36,USD,3157.36,ACH,60,0,False
PAY300063,INV200468,38,V0038,20250213,2025-02-13,3582.23,USD,3582.23,Check,42,0,False
PAY300064,INV200047,30,V0030,20250304,2025-03-04,63.72,USD,63.72,ACH,59,29,True
PAY300065,INV200663,40,V0040,20250518,2025-05-18,1552.99,USD,1552.99,Wire Transfer,134,104,True
PAY300066,INV200611,9,V0009,20250317,2025-03-17,2646.09,USD,2646.09,Check,70,55,True
PAY300067,INV200104,42,V0042,20250218,2025-02-18,1662.43,USD,1662.43,ACH,42,0,False
PAY300068,INV200182,42,V0042,20250314,2025-03-14,13975.16,USD,13975.16,Check,65,20,True
PAY300069,INV200576,50,V0050,20250203,2025-02-03,48069.88,USD,48069.88,Check,26,0,False
PAY300070,INV200009,48,V0048,20250216,2025-02-16,4688.81,USD,4688.81,ACH,38,0,False
PAY300071,INV200183,31,V0031,20250521,2025-05-21,44690.67,USD,44690.67,ACH,132,102,True
PAY300072,INV200633,12,V0012,20250206,2025-02-06,2681.46,USD,2681.46,Wire Transfer,28,0,False
PAY300073,INV200247,27,V0027,20250204,2025-02-04,15028.69,USD,15028.69,Corporate Card,24,0,False
PAY300074,INV200134,42,V0042,20250220,2025-02-20,2366.65,USD,2366.65,ACH,39,0,False
PAY300075,INV200380,32,V0032,20250309,2025-03-09,2755.27,USD,2755.27,Wire Transfer,55,10,True
PAY300076,INV200642,48,V0048,20250428,2025-04-28,33405.09,USD,33405.09,ACH,104,59,True
PAY300077,INV200525,29,V0029,20250301,2025-03-01,5492.65,USD,5492.65,ACH,45,0,False
PAY300078,INV200004,21,V0021,20250318,2025-03-18,6849.11,USD,6849.11,ACH,59,0,False
PAY300079,INV200237,25,V0025,20250214,2025-02-14,12490.10,GBP,15862.43,Check,27,0,False
PAY300080,INV200105,4,V0004,20250218,2025-02-18,15795.65,GBP,20060.48,Check,30,0,False
PAY300081,INV200476,22,V0022,20250217,2025-02-17,7134.65,USD,7134.65,ACH,29,0,False
PAY300082,INV200108,42,V0042,20250216,2025-02-16,3455.87,USD,3455.87,Check,27,0,False
PAY300083,INV200464,31,V0031,20250213,2025-02-13,48985.41,USD,48985.41,ACH,24,0,False
PAY300084,INV200526,29,V0029,20250320,2025-03-20,7261.94,USD,7261.94,ACH,59,0,False
PAY300085,INV200386,18,V0018,20250429,2025-04-29,597.39,USD,597.39,ACH,98,68,True
PAY300086,INV200431,29,V0029,20250322,2025-03-22,1165.36,USD,1165.36,ACH,60,0,False
PAY300087,INV200058,40,V0040,20250220,2025-02-20,555.49,USD,555.49,ACH,27,0,False
PAY300088,INV200275,38,V0038,20250308,2025-03-08,7300.65,USD,7300.65,Wire Transfer,43,0,False
PAY300089,INV200497,27,V0027,20250221,2025-02-21,22365.25,USD,22365.25,ACH,27,0,False
PAY300090,INV200515,45,V0045,20250509,2025-05-09,2996.96,USD,2996.96,ACH,103,58,True
PAY300091,INV200571,22,V0022,20250223,2025-02-23,1319.60,USD,1319.60,ACH,27,0,False
PAY300092,INV200081,9,V0009,20250206,2025-02-06,5523.49,USD,5523.49,Corporate Card,9,0,False
PAY300093,INV200387,18,V0018,20250409,2025-04-09,502.33,USD,502.33,ACH,70,40,True
PAY300094,INV200506,2,V0002,20250313,2025-03-13,673.48,USD,673.48,ACH,43,0,False
PAY300095,INV200669,9,V0009,20250304,2025-03-04,5523.49,USD,5523.49,Wire Transfer,34,19,True
PAY300096,INV200225,42,V0042,20250315,2025-03-15,10419.38,USD,10419.38,Corporate Card,44,0,False
PAY300097,INV200487,31,V0031,20250301,2025-03-01,7401.48,USD,7401.48,Corporate Card,29,0,False
PAY300098,INV200513,5,V0005,20250414,2025-04-14,813.72,USD,813.72,ACH,72,57,True
PAY300099,INV200630,9,V0009,20250213,2025-02-13,2218.70,USD,2218.70,Wire Transfer,12,0,False
PAY300100,INV200389,9,V0009,20250207,2025-02-07,1153.96,USD,1153.96,ACH,5,0,False
PAY300101,INV200109,42,V0042,20250319,2025-03-19,3317.84,USD,3317.84,Wire Transfer,43,0,False
PAY300102,INV200255,35,V0035,20250316,2025-03-16,4836.58,GBP,6142.46,ACH,38,8,True
PAY300103,INV200377,42,V0042,20250322,2025-03-22,8841.21,USD,8841.21,Corporate Card,44,0,False
PAY300104,INV200473,30,V0030,20250310,2025-03-10,14183.64,USD,14183.64,Wire Transfer,30,0,False
PAY300105,INV200546,23,V0023,20250314,2025-03-14,28797.55,USD,28797.55,ACH,34,0,False
PAY300106,INV200331,10,V0010,20250221,2025-02-21,10182.44,USD,10182.44,Wire Transfer,12,0,False
PAY300107,INV200492,23,V0023,20250429,2025-04-29,39195.42,USD,39195.42,ACH,79,34,True
PAY300108,INV200437,4,V0004,20250304,2025-03-04,12501.33,GBP,15876.69,Corporate Card,21,0,False
PAY300109,INV200048,30,V0030,20250316,2025-03-16,5169.40,USD,5169.40,ACH,29,0,False
PAY300110,INV200256,35,V0035,20250331,2025-03-31,2493.78,GBP,3167.10,ACH,43,13,True
PAY300111,INV200327,25,V0025,20250314,2025-03-14,8224.55,GBP,10445.18,ACH,26,0,False
PAY300112,INV200085,9,V0009,20250225,2025-02-25,7369.42,USD,7369.42,Check,8,0,False
PAY300113,INV200639,17,V0017,20250316,2025-03-16,12856.69,USD,12856.69,Wire Transfer,27,0,False
PAY300114,INV200124,35,V0035,20250304,2025-03-04,13189.00,GBP,16750.03,ACH,12,0,False
PAY300115,INV200396,26,V0026,20250712,2025-07-12,16918.12,USD,16918.12,ACH,142,97,True
PAY300116,INV200632,9,V0009,20250304,2025-03-04,1167.32,USD,1167.32,ACH,11,0,False
PAY300117,INV200082,9,V0009,20250314,2025-03-14,11894.12,USD,11894.12,ACH,15,0,False
PAY300118,INV200276,38,V0038,20250406,2025-04-06,3793.03,USD,3793.03,ACH,38,0,False
PAY300119,INV200197,43,V0043,20250326,2025-03-26,7032.42,USD,7032.42,Wire Transfer,26,0,False
PAY300120,INV200432,29,V0029,20250712,2025-07-12,3207.90,USD,3207.90,Wire Transfer,134,74,True
PAY300121,INV200433,1,V0001,20250417,2025-04-17,14984.03,USD,14984.03,ACH,48,18,True
PAY300122,INV200074,32,V0032,20250420,2025-04-20,7815.07,USD,7815.07,Check,49,4,True
PAY300123,INV200106,4,V0004,20250328,2025-03-28,45381.75,GBP,57634.82,ACH,25,0,False
PAY300124,INV200165,7,V0007,20250414,2025-04-14,7836.47,USD,7836.47,ACH,41,0,False
PAY300125,INV200201,2,V0002,20250523,2025-05-23,302.70,USD,302.70,ACH,80,35,True
PAY300126,INV200390,9,V0009,20250307,2025-03-07,3305.78,USD,3305.78,ACH,3,0,False
PAY300127,INV200030,38,V0038,20250711,2025-07-11,7007.98,USD,7007.98,Wire Transfer,128,83,True
PAY300128,INV200252,24,V0024,20250309,2025-03-09,12721.46,USD,12721.46,Corporate Card,4,0,False
PAY300129,INV200093,2,V0002,20250419,2025-04-19,3684.92,USD,3684.92,ACH,44,0,False
PAY300130,INV200202,2,V0002,20250406,2025-04-06,41.46,USD,41.46,ACH,31,0,False
PAY300131,INV200640,17,V0017,20250413,2025-04-13,11183.31,USD,11183.31,Wire Transfer,38,0,False
PAY300132,INV200116,43,V0043,20250405,2025-04-05,3989.44,USD,3989.44,Check,28,0,False
PAY300133,INV200199,35,V0035,20250404,2025-04-04,2880.40,GBP,3658.11,ACH,26,0,False
PAY300134,INV200299,39,V0039,20250824,2025-08-24,3787.77,CAD,2802.95,ACH,167,107,True
PAY300135,INV200424,34,V0034,20250320,2025-03-20,679.71,EUR,734.09,ACH,5,0,False
PAY300136,INV200283,4,V0004,20250404,2025-04-04,36895.22,GBP,46856.93,Check,19,0,False
PAY300137,INV200434,1,V0001,20250411,2025-04-11,11483.73,USD,11483.73,Wire Transfer,26,0,False
PAY300138,INV200170,48,V0048,20250425,2025-04-25,20765.73,USD,20765.73,Check,39,0,False
PAY300139,INV200648,3,V0003,20250502,2025-05-02,10012.80,USD,10012.80,Check,45,0,False
PAY300140,INV200597,31,V0031,20250407,2025-04-07,28145.48,USD,28145.48,ACH,19,0,False
PAY300141,INV200631,9,V0009,20250707,2025-07-07,520.76,USD,520.76,Wire Transfer,110,95,True
PAY300142,INV200598,24,V0024,20250330,2025-03-30,3500.28,USD,3500.28,Check,10,0,False
PAY300143,INV200516,45,V0045,20250502,2025-05-02,5006.29,USD,5006.29,Check,42,0,False
PAY300144,INV200547,23,V0023,20250505,2025-05-05,3841.39,USD,3841.39,Wire Transfer,44,0,False
PAY300145,INV200447,1,V0001,20250415,2025-04-15,40441.47,USD,40441.47,Wire Transfer,23,0,False
PAY300146,INV200599,24,V0024,20250403,2025-04-03,5982.20,USD,5982.20,Wire Transfer,11,0,False
PAY300147,INV200555,7,V0007,20250422,2025-04-22,2914.77,USD,2914.77,ACH,29,0,False
PAY300148,INV200191,11,V0011,20250422,2025-04-22,8049.16,GBP,10222.43,Check,28,0,False
PAY300149,INV200166,7,V0007,20250504,2025-05-04,4460.10,USD,4460.10,Check,38,0,False
PAY300150,INV200200,35,V0035,20250428,2025-04-28,4489.09,GBP,5701.14,Check,28,0,False
PAY300151,INV200185,9,V0009,20250415,2025-04-15,2710.09,USD,2710.09,Check,12,0,False
PAY300152,INV200001,25,V0025,20250602,2025-06-02,5528.24,GBP,7020.86,ACH,59,29,True
PAY300153,INV200300,39,V0039,20250517,2025-05-17,2398.61,CAD,1774.97,ACH,43,0,False
PAY300154,INV200036,34,V0034,20250411,2025-04-11,545.90,EUR,589.57,Wire Transfer,4,0,False
PAY300155,INV200096,39,V0039,20250610,2025-06-10,1971.93,CAD,1459.23,Wire Transfer,60,0,False
PAY300156,INV200467,25,V0025,20250727,2025-07-27,1875.36,GBP,2381.71,Corporate Card,107,77,True
PAY300157,INV200388,18,V0018,20250514,2025-05-14,834.37,USD,834.37,Check,30,0,False
PAY300158,INV200439,48,V0048,20250605,2025-06-05,16882.59,USD,16882.59,Check,52,7,True
PAY300159,INV200517,31,V0031,20250426,2025-04-26,7013.59,USD,7013.59,ACH,12,0,False
PAY300160,INV200554,49,V0049,20250505,2025-05-05,3541.44,USD,3541.44,Wire Transfer,20,0,False
PAY300161,INV200562,27,V0027,20250513,2025-05-13,2448.66,USD,2448.66,ACH,28,0,False
PAY300162,INV200077,42,V0042,20250529,2025-05-29,29857.91,USD,29857.91,ACH,42,0,False
PAY300163,INV200253,24,V0024,20250731,2025-07-31,7864.73,USD,7864.73,ACH,101,86,True
PAY300164,INV200090,17,V0017,20250526,2025-05-26,1852.46,USD,1852.46,Wire Transfer,34,0,False
PAY300165,INV200563,27,V0027,20250521,2025-05-21,5081.78,USD,5081.78,Check,29,0,False
PAY300166,INV200213,43,V0043,20250621,2025-06-21,721.85,USD,721.85,Check,59,29,True
PAY300167,INV200055,32,V0032,20250604,2025-06-04,17260.00,USD,17260.00,Corporate Card,41,0,False
PAY300168,INV200471,9,V0009,20250509,2025-05-09,755.78,USD,755.78,Check,15,0,False
PAY300169,INV200591,48,V0048,20250606,2025-06-06,9342.22,USD,9342.22,ACH,42,0,False
PAY300170,INV200249,8,V0008,20250607,2025-06-07,264.03,EUR,285.15,Wire Transfer,42,0,False
PAY300171,INV200411,9,V0009,20250510,2025-05-10,3777.82,USD,3777.82,Wire Transfer,14,0,False
PAY300172,INV200615,27,V0027,20250526,2025-05-26,2041.21,USD,2041.21,ACH,30,0,False
PAY300173,INV200012,12,V0012,20250523,2025-05-23,2070.99,USD,2070.99,ACH,26,0,False
PAY300174,INV200272,4,V0004,20250522,2025-05-22,19913.40,GBP,25290.02,Wire Transfer,25,0,False
PAY300175,INV200568,23,V0023,20250609,2025-06-09,6437.58,USD,6437.58,Wire Transfer,42,0,False
PAY300176,INV200382,18,V0018,20250527,2025-05-27,312.94,USD,312.94,Check,28,0,False
PAY300177,INV200005,31,V0031,20250628,2025-06-28,4526.80,USD,4526.80,ACH,59,29,True
PAY300178,INV200347,17,V0017,20250603,2025-06-03,6844.47,USD,6844.47,ACH,33,0,False
PAY300179,INV200186,9,V0009,20250812,2025-08-12,7448.17,USD,7448.17,Corporate Card,102,87,True
PAY300180,INV200091,17,V0017,20250605,2025-06-05,312.11,USD,312.11,Wire Transfer,33,0,False
PAY300181,INV200474,48,V0048,20250613,2025-06-13,8092.39,USD,8092.39,ACH,39,0,False
PAY300182,INV200606,9,V0009,20250809,2025-08-09,2409.48,USD,2409.48,ACH,96,81,True
PAY300183,INV200440,48,V0048,20250617,2025-06-17,5333.64,USD,5333.64,ACH,41,0,False
PAY300184,INV200002,25,V0025,20250618,2025-06-18,8889.07,GBP,11289.12,ACH,41,11,True
PAY300185,INV200180,22,V0022,20250605,2025-06-05,2038.65,USD,2038.65,Check,27,0,False
PAY300186,INV200214,43,V0043,20250618,2025-06-18,555.91,USD,555.91,Check,39,9,True
PAY300187,INV200383,18,V0018,20250609,2025-06-09,528.66,USD,528.66,Wire Transfer,30,0,False
PAY300188,INV200548,23,V0023,20250609,2025-06-09,29636.38,USD,29636.38,ACH,29,0,False
PAY300189,INV200607,40,V0040,20250606,2025-06-06,2133.52,USD,2133.52,ACH,26,0,False
PAY300190,INV200290,48,V0048,20250616,2025-06-16,3873.59,USD,3873.59,Wire Transfer,35,0,False
PAY300191,INV200643,14,V0014,20250711,2025-07-11,1126.56,USD,1126.56,ACH,60,0,False
PAY300192,INV200660,48,V0048,20250627,2025-06-27,3873.59,USD,3873.59,ACH,45,0,False
PAY300193,INV200203,2,V0002,20250731,2025-07-31,1089.44,USD,1089.44,Check,77,32,True
PAY300194,INV200302,13,V0013,20250614,2025-06-14,11555.14,USD,11555.14,Wire Transfer,30,0,False
PAY300195,INV200569,23,V0023,20250628,2025-06-28,3810.80,USD,3810.80,Corporate Card,44,0,False
PAY300196,INV200257,2,V0002,20250624,2025-06-24,729.31,USD,729.31,ACH,39,0,False
PAY300197,INV200351,49,V0049,20250612,2025-06-12,4166.76,USD,4166.76,Corporate Card,27,0,False
PAY300198,INV200394,9,V0009,20250526,2025-05-26,10083.30,USD,10083.30,Corporate Card,10,0,False
PAY300199,INV200549,41,V0041,20250614,2025-06-14,34101.31,USD,34101.31,ACH,29,0,False
PAY300200,INV200187,21,V0021,20250727,2025-07-27,9590.18,USD,9590.18,ACH,71,11,True
PAY300201,INV200421,17,V0017,20250630,2025-06-30,6160.61,USD,6160.61,Check,43,0,False
PAY300202,INV200029,9,V0009,20250615,2025-06-15,11662.67,USD,11662.67,ACH,27,12,True
PAY300203,INV200460,24,V0024,20250617,2025-06-17,17637.11,USD,17637.11,ACH,25,10,True
PAY300204,INV200097,39,V0039,20250719,2025-07-19,4087.46,CAD,3024.72,Wire Transfer,56,0,False
PAY300205,INV200160,48,V0048,20250704,2025-07-04,3074.08,USD,3074.08,ACH,41,0,False
PAY300206,INV200305,20,V0020,20250601,2025-06-01,6175.49,USD,6175.49,Check,8,0,False
PAY300207,INV200420,17,V0017,20250708,2025-07-08,6403.58,USD,6403.58,ACH,45,0,False
PAY300208,INV200570,23,V0023,20250628,2025-06-28,18741.20,USD,18741.20,Corporate Card,34,0,False
PAY300209,INV200086,9,V0009,20250603,2025-06-03,5052.00,USD,5052.00,ACH,8,0,False
PAY300210,INV200098,39,V0039,20250725,2025-07-25,2560.78,CAD,1894.98,ACH,60,0,False
PAY300211,INV200144,9,V0009,20250921,2025-09-21,15240.41,USD,15240.41,Check,118,103,True
PAY300212,INV200661,48,V0048,20251014,2025-10-14,3074.08,USD,3074.08,Wire Transfer,141,96,True
PAY300213,INV200006,31,V0031,20250712,2025-07-12,5416.46,USD,5416.46,ACH,45,15,True
PAY300214,INV200532,30,V0030,20250627,2025-06-27,6266.29,USD,6266.29,ACH,30,0,False
PAY300215,INV200552,47,V0047,20250712,2025-07-12,1082.20,USD,1082.20,ACH,40,10,True
PAY300216,INV200617,27,V0027,20250628,2025-06-28,5764.46,USD,5764.46,ACH,23,0,False
PAY300217,INV200616,27,V0027,20250627,2025-06-27,1060.98,USD,1060.98,Wire Transfer,21,0,False
PAY300218,INV200251,40,V0040,20250706,2025-07-06,839.67,USD,839.67,ACH,29,0,False
PAY300219,INV200303,13,V0013,20250806,2025-08-06,19768.56,USD,19768.56,Wire Transfer,60,30,True
PAY300220,INV200475,48,V0048,20250718,2025-07-18,6923.57,USD,6923.57,ACH,39,0,False
PAY300221,INV200550,41,V0041,20250709,2025-07-09,36061.98,USD,36061.98,ACH,30,0,False
PAY300222,INV200161,48,V0048,20250728,2025-07-28,2890.91,USD,2890.91,Wire Transfer,44,0,False
PAY300223,INV200120,45,V0045,20250727,2025-07-27,10973.36,USD,10973.36,ACH,42,0,False
PAY300224,INV200192,38,V0038,20250730,2025-07-30,12683.74,USD,12683.74,ACH,45,0,False
PAY300225,INV200306,18,V0018,20250708,2025-07-08,953.34,USD,953.34,Corporate Card,23,0,False
PAY300226,INV200215,43,V0043,20250714,2025-07-14,2143.96,USD,2143.96,ACH,28,0,False
PAY300227,INV200441,48,V0048,20250728,2025-07-28,7469.49,USD,7469.49,ACH,42,0,False
PAY300228,INV200592,48,V0048,20250730,2025-07-30,13420.56,USD,13420.56,Corporate Card,43,0,False
PAY300229,INV200527,17,V0017,20250728,2025-07-28,7086.31,USD,7086.31,Wire Transfer,40,0,False
PAY300230,INV200266,37,V0037,20250814,2025-08-14,2568.32,USD,2568.32,Wire Transfer,56,0,False
PAY300231,INV200054,17,V0017,20250921,2025-09-21,10391.67,USD,10391.67,ACH,92,47,True
PAY300232,INV200307,18,V0018,20251023,2025-10-23,346.74,USD,346.74,ACH,123,93,True
PAY300233,INV200291,48,V0048,20250826,2025-08-26,1765.40,USD,1765.40,Wire Transfer,64,19,True
PAY300234,INV200121,45,V0045,20250807,2025-08-07,722.72,USD,722.72,Check,41,0,False
PAY300235,INV200539,29,V0029,20250822,2025-08-22,10097.41,USD,10097.41,ACH,56,0,False
PAY300236,INV200557,16,V0016,20250725,2025-07-25,14842.53,USD,14842.53,Wire Transfer,27,0,False
PAY300237,INV200092,17,V0017,20250807,2025-08-07,920.23,USD,920.23,Wire Transfer,37,0,False
PAY300238,INV200155,21,V0021,20250923,2025-09-23,27744.70,USD,27744.70,ACH,82,22,True
PAY300239,INV200087,9,V0009,20251002,2025-10-02,5675.55,USD,5675.55,ACH,90,75,True
PAY300240,INV200100,17,V0017,20250818,2025-08-18,2199.40,USD,2199.40,Wire Transfer,45,0,False
PAY300241,INV200072,9,V0009,20250812,2025-08-12,3822.36,USD,3822.36,Corporate Card,38,23,True
PAY300242,INV200304,13,V0013,20250723,2025-07-23,23247.71,USD,23247.71,ACH,18,0,False
PAY300243,INV200094,42,V0042,20250820,2025-08-20,6120.10,USD,6120.10,Corporate Card,45,0,False
PAY300244,INV200156,21,V0021,20250907,2025-09-07,10473.74,USD,10473.74,Corporate Card,60,0,False
PAY300245,INV200558,16,V0016,20250808,2025-08-08,7301.20,USD,7301.20,ACH,28,0,False
PAY300246,INV200101,17,V0017,20250904,2025-09-04,727.23,USD,727.23,Check,54,9,True
PAY300247,INV200167,33,V0033,20250826,2025-08-26,974.71,USD,974.71,Corporate Card,45,0,False
PAY300248,INV200007,50,V0050,20250812,2025-08-12,14014.38,USD,14014.38,Wire Transfer,30,0,False
PAY300249,INV200458,16,V0016,20250811,2025-08-11,4152.11,USD,4152.11,Check,28,0,False
PAY300250,INV200384,18,V0018,20250811,2025-08-11,721.42,USD,721.42,ACH,26,0,False
PAY300251,INV200605,32,V0032,20250907,2025-09-07,2130.00,USD,2130.00,Wire Transfer,51,6,True
PAY300252,INV200529,17,V0017,20250823,2025-08-23,3896.02,USD,3896.02,Wire Transfer,32,0,False
PAY300253,INV200044,35,V0035,20250914,2025-09-14,3155.94,GBP,4008.04,ACH,53,23,True
PAY300254,INV200233,2,V0002,20250904,2025-09-04,4911.73,USD,4911.73,Wire Transfer,41,0,False
PAY300255,INV200528,17,V0017,20250907,2025-09-07,3758.77,USD,3758.77,Check,44,0,False
PAY300256,INV200088,33,V0033,20250907,2025-09-07,868.26,USD,868.26,ACH,43,0,False
PAY300257,INV200523,30,V0030,20250822,2025-08-22,18505.47,USD,18505.47,Wire Transfer,27,0,False
PAY300258,INV200392,46,V0046,20250918,2025-09-18,3391.58,USD,3391.58,Check,53,0,False
PAY300259,INV200248,32,V0032,20250907,2025-09-07,4479.83,USD,4479.83,Corporate Card,41,0,False
PAY300260,INV200301,4,V0004,20250906,2025-09-06,11701.58,GBP,14861.01,Wire Transfer,39,9,True
PAY300261,INV200477,17,V0017,20250903,2025-09-03,1670.25,USD,1670.25,ACH,36,0,False
PAY300262,INV200651,40,V0040,20251211,2025-12-11,620.67,USD,620.67,Corporate Card,135,105,True
PAY300263,INV200514,2,V0002,20250909,2025-09-09,3366.82,USD,3366.82,ACH,41,0,False
PAY300264,INV200565,20,V0020,20250809,2025-08-09,24088.59,USD,24088.59,ACH,10,0,False
PAY300265,INV200603,34,V0034,20250902,2025-09-02,565.76,EUR,611.02,Wire Transfer,34,19,True
PAY300266,INV200168,17,V0017,20250914,2025-09-14,22240.99,USD,22240.99,Check,41,0,False
PAY300267,INV200332,27,V0027,20250908,2025-09-08,2997.12,USD,2997.12,ACH,34,4,True
PAY300268,INV200050,9,V0009,20250819,2025-08-19,24261.50,USD,24261.50,Wire Transfer,13,0,False
PAY300269,INV200259,16,V0016,20250924,2025-09-24,23938.61,USD,23938.61,ACH,49,19,True
PAY300270,INV200637,40,V0040,20250819,2025-08-19,83.54,USD,83.54,Check,12,0,False
PAY300271,INV200671,16,V0016,20250923,2025-09-23,23938.61,USD,23938.61,ACH,46,16,True
PAY300272,INV200559,16,V0016,20250930,2025-09-30,25197.39,USD,25197.39,ACH,52,22,True
PAY300273,INV200079,42,V0042,20251030,2025-10-30,22823.14,USD,22823.14,Corporate Card,80,35,True
PAY300274,INV200147,23,V0023,20250919,2025-09-19,2919.45,USD,2919.45,Wire Transfer,39,0,False
PAY300275,INV200045,35,V0035,20251031,2025-10-31,4971.67,GBP,6314.02,Wire Transfer,80,50,True
PAY300276,INV200226,31,V0031,20250910,2025-09-10,58813.08,USD,58813.08,Wire Transfer,29,0,False
PAY300277,INV200524,30,V0030,20250927,2025-09-27,20946.04,USD,20946.04,ACH,46,16,True
PAY300278,INV200666,42,V0042,20250923,2025-09-23,22823.14,USD,22823.14,ACH,42,0,False
PAY300279,INV200553,9,V0009,20250826,2025-08-26,11757.50,USD,11757.50,Wire Transfer,13,0,False
PAY300280,INV200600,18,V0018,20250904,2025-09-04,1073.31,USD,1073.31,Check,21,0,False
PAY300281,INV200122,45,V0045,20250927,2025-09-27,8371.86,USD,8371.86,Check,42,0,False
PAY300282,INV200556,28,V0028,20251001,2025-10-01,9111.96,USD,9111.96,Check,46,0,False
PAY300283,INV200315,38,V0038,20250928,2025-09-28,2001.14,USD,2001.14,ACH,42,0,False
PAY300284,INV200148,23,V0023,20251023,2025-10-23,3930.99,USD,3930.99,ACH,66,21,True
PAY300285,INV200333,27,V0027,20250917,2025-09-17,4424.71,USD,4424.71,ACH,28,0,False
PAY300286,INV200158,18,V0018,20250907,2025-09-07,1471.28,USD,1471.28,Wire Transfer,17,0,False
PAY300287,INV200173,32,V0032,20251104,2025-11-04,9007.57,USD,9007.57,ACH,75,30,True
PAY300288,INV200478,17,V0017,20251018,2025-10-18,258.68,USD,258.68,Wire Transfer,58,13,True
PAY300289,INV200623,39,V0039,20251015,2025-10-15,31965.08,CAD,23654.16,Check,53,0,False
PAY300290,INV200670,18,V0018,20250920,2025-09-20,1471.28,USD,1471.28,ACH,28,0,False
PAY300291,INV200442,9,V0009,20250930,2025-09-30,1880.38,USD,1880.38,Corporate Card,37,22,True
PAY300292,INV200459,16,V0016,20250930,2025-09-30,7908.95,USD,7908.95,Corporate Card,34,4,True
PAY300293,INV200438,17,V0017,20250924,2025-09-24,5385.63,USD,5385.63,Wire Transfer,27,0,False
PAY300294,INV200043,32,V0032,20250926,2025-09-26,2654.63,USD,2654.63,Check,28,0,False
PAY300295,INV200367,20,V0020,20250920,2025-09-20,4988.40,USD,4988.40,ACH,22,7,True
PAY300296,INV200566,20,V0020,20250909,2025-09-09,7425.34,USD,7425.34,Check,11,0,False
PAY300297,INV200075,8,V0008,20251011,2025-10-11,635.57,EUR,686.42,Corporate Card,42,0,False
PAY300298,INV200179,17,V0017,20251011,2025-10-11,7991.61,USD,7991.61,ACH,41,0,False
PAY300299,INV200239,7,V0007,20251011,2025-10-11,5703.33,USD,5703.33,ACH,41,0,False
PAY300300,INV200140,31,V0031,20250926,2025-09-26,11140.98,USD,11140.98,Check,23,0,False
PAY300301,INV200533,28,V0028,20251101,2025-11-01,28000.84,USD,28000.84,ACH,59,0,False
PAY300302,INV200537,48,V0048,20251006,2025-10-06,63181.03,USD,63181.03,Wire Transfer,33,0,False
PAY300303,INV200407,12,V0012,20251023,2025-10-23,688.56,USD,688.56,Check,49,19,True
PAY300304,INV200507,1,V0001,20250916,2025-09-16,6687.30,USD,6687.30,ACH,12,0,False
PAY300305,INV200068,50,V0050,20251005,2025-10-05,2691.82,USD,2691.82,ACH,30,0,False
PAY300306,INV200076,8,V0008,20251020,2025-10-20,287.56,EUR,310.56,Corporate Card,44,0,False
PAY300307,INV200099,42,V0042,20251006,2025-10-06,16908.19,USD,16908.19,ACH,30,0,False
PAY300308,INV200567,20,V0020,20250917,2025-09-17,16573.98,USD,16573.98,ACH,11,0,False
PAY300309,INV200141,31,V0031,20260115,2026-01-15,30336.00,USD,30336.00,Check,127,97,True
PAY300310,INV200601,18,V0018,20251004,2025-10-04,418.96,USD,418.96,Check,24,0,False
PAY300311,INV200149,34,V0034,20250915,2025-09-15,1623.44,EUR,1753.32,ACH,4,0,False
PAY300312,INV200172,32,V0032,20251023,2025-10-23,4561.11,USD,4561.11,Wire Transfer,42,0,False
PAY300313,INV200224,42,V0042,20251025,2025-10-25,25198.78,USD,25198.78,ACH,44,0,False
PAY300314,INV200042,8,V0008,20251107,2025-11-07,377.27,EUR,407.45,Wire Transfer,55,10,True
PAY300315,INV200174,32,V0032,20260127,2026-01-27,14278.63,USD,14278.63,ACH,136,91,True
PAY300316,INV200482,25,V0025,20250928,2025-09-28,4198.69,GBP,5332.34,Check,14,0,False
PAY300317,INV200150,9,V0009,20250920,2025-09-20,5681.98,USD,5681.98,ACH,5,0,False
PAY300318,INV200288,60,V0001,20260119,2026-01-19,8694.21,USD,8694.21,Check,125,80,True
PAY300319,INV200323,42,V0042,20251031,2025-10-31,24664.00,USD,24664.00,ACH,45,0,False
PAY300320,INV200025,48,V0048,20251022,2025-10-22,11304.74,USD,11304.74,ACH,35,0,False
PAY300321,INV200508,60,V0001,20251204,2025-12-04,4459.61,USD,4459.61,Check,78,33,True
PAY300322,INV200316,38,V0038,20251126,2025-11-26,1249.76,USD,1249.76,ACH,68,23,True
PAY300323,INV200624,39,V0039,20251101,2025-11-01,665.45,CAD,492.43,Check,43,0,False
PAY300324,INV200625,39,V0039,20251115,2025-11-15,36135.28,CAD,26740.11,ACH,57,0,False
PAY300325,INV200010,31,V0031,20251021,2025-10-21,13451.28,USD,13451.28,ACH,30,0,False
PAY300326,INV200334,27,V0027,20251018,2025-10-18,2831.76,USD,2831.76,Wire Transfer,27,0,False
PAY300327,INV200217,9,V0009,20251005,2025-10-05,3103.72,USD,3103.72,Wire Transfer,13,0,False
PAY300328,INV200505,2,V0002,20251025,2025-10-25,9913.00,USD,9913.00,ACH,33,0,False
PAY300329,INV200509,9,V0009,20251005,2025-10-05,2616.39,USD,2616.39,ACH,12,0,False
PAY300330,INV200534,42,V0042,20251202,2025-12-02,33922.16,USD,33922.16,Check,70,25,True
PAY300331,INV200664,9,V0009,20250927,2025-09-27,3103.72,USD,3103.72,ACH,4,0,False
PAY300332,INV200071,22,V0022,20251013,2025-10-13,5175.10,USD,5175.10,ACH,19,0,False
PAY300333,INV200112,4,V0004,20251117,2025-11-17,7764.44,GBP,9860.84,ACH,54,24,True
PAY300334,INV200522,42,V0042,20251031,2025-10-31,97848.78,USD,97848.78,Wire Transfer,37,0,False
PAY300335,INV200638,40,V0040,20251030,2025-10-30,646.28,USD,646.28,ACH,36,6,True
PAY300336,INV200210,30,V0030,20251021,2025-10-21,2216.07,USD,2216.07,Check,26,0,False
PAY300337,INV200414,60,V0001,20251109,2025-11-09,31198.28,USD,31198.28,ACH,45,0,False
PAY300338,INV200216,4,V0004,20251024,2025-10-24,8410.70,GBP,10681.59,Wire Transfer,28,0,False
PAY300339,INV200289,60,V0001,20251111,2025-11-11,10837.06,USD,10837.06,ACH,44,0,False
PAY300340,INV200479,17,V0017,20251029,2025-10-29,1342.98,USD,1342.98,Check,29,0,False
PAY300341,INV200139,29,V0029,20251123,2025-11-23,27587.68,USD,27587.68,Corporate Card,53,0,False
PAY300342,INV200510,42,V0042,20251209,2025-12-09,37278.99,USD,37278.99,ACH,69,24,True
PAY300343,INV200240,7,V0007,20251116,2025-11-16,2019.65,USD,2019.65,Check,44,0,False
PAY300344,INV200287,37,V0037,20251124,2025-11-24,1826.77,USD,1826.77,Wire Transfer,51,0,False
PAY300345,INV200443,9,V0009,20251012,2025-10-12,331.61,USD,331.61,Check,6,0,False
PAY300346,INV200530,2,V0002,20251118,2025-11-18,4298.27,USD,4298.27,ACH,42,0,False
PAY300347,INV200018,9,V0009,20251014,2025-10-14,744.44,USD,744.44,Wire Transfer,5,0,False
PAY300348,INV200069,50,V0050,20251027,2025-10-27,2982.15,USD,2982.15,ACH,18,0,False
PAY300349,INV200415,60,V0001,20251203,2025-12-03,592.64,USD,592.64,Check,55,10,True
PAY300350,INV200614,22,V0022,20251025,2025-10-25,28963.95,USD,28963.95,ACH,16,0,False
PAY300351,INV200125,38,V0038,20260121,2026-01-21,7155.31,USD,7155.31,ACH,102,57,True
PAY300352,INV200345,8,V0008,20251122,2025-11-22,57.45,EUR,62.05,Wire Transfer,42,0,False
PAY300353,INV200279,17,V0017,20251111,2025-11-11,4914.11,USD,4914.11,ACH,30,0,False
PAY300354,INV200564,50,V0050,20251110,2025-11-10,10772.46,USD,10772.46,ACH,29,0,False
PAY300355,INV200019,9,V0009,20251018,2025-10-18,1755.23,USD,1755.23,ACH,4,0,False
PAY300356,INV200602,18,V0018,20251102,2025-11-02,2296.92,USD,2296.92,Corporate Card,18,0,False
PAY300357,INV200026,48,V0048,20251128,2025-11-28,37181.12,USD,37181.12,Wire Transfer,43,0,False
PAY300358,INV200084,7,V0007,20251122,2025-11-22,3831.27,USD,3831.27,Check,36,0,False
PAY300359,INV200465,29,V0029,20251201,2025-12-01,21052.09,USD,21052.09,ACH,45,0,False
PAY300360,INV200335,42,V0042,20251118,2025-11-18,6106.67,USD,6106.67,Wire Transfer,31,0,False
PAY300361,INV200499,60,V0001,20251202,2025-12-02,59918.18,USD,59918.18,Wire Transfer,45,0,False
PAY300362,INV200375,47,V0047,20251118,2025-11-18,759.44,USD,759.44,ACH,30,0,False
PAY300363,INV200416,60,V0001,20251219,2025-12-19,28054.03,USD,28054.03,ACH,61,16,True
PAY300364,INV200188,9,V0009,20251102,2025-11-02,2904.58,USD,2904.58,Check,13,0,False
PAY300365,INV200659,7,V0007,20251204,2025-12-04,3831.27,USD,3831.27,Check,45,0,False
PAY300366,INV200422,32,V0032,20251220,2025-12-20,3464.88,USD,3464.88,Corporate Card,60,15,True
PAY300367,INV200083,9,V0009,20251106,2025-11-06,30499.24,USD,30499.24,ACH,15,0,False
PAY300368,INV200219,9,V0009,20251030,2025-10-30,3283.35,USD,3283.35,ACH,8,0,False
PAY300369,INV200353,40,V0040,20251214,2025-12-14,836.37,USD,836.37,Corporate Card,52,22,True
PAY300370,INV200483,25,V0025,20251119,2025-11-19,3500.99,GBP,4446.26,ACH,27,0,False
PAY300371,INV200211,30,V0030,20251122,2025-11-22,4105.89,USD,4105.89,Corporate Card,29,0,False
PAY300372,INV200646,22,V0022,20251108,2025-11-08,12079.03,USD,12079.03,ACH,12,0,False
PAY300373,INV200647,6,V0006,20251105,2025-11-05,6218.67,USD,6218.67,Check,9,0,False
PAY300374,INV200326,16,V0016,20251125,2025-11-25,111343.57,USD,111343.57,ACH,27,0,False
PAY300375,INV200366,40,V0040,20251129,2025-11-29,661.00,USD,661.00,ACH,29,0,False
PAY300376,INV200627,47,V0047,20251119,2025-11-19,705.82,USD,705.82,ACH,19,0,False
PAY300377,INV200204,48,V0048,20251204,2025-12-04,2324.26,USD,2324.26,Wire Transfer,33,0,False
PAY300378,INV200241,7,V0007,20251207,2025-12-07,2328.45,USD,2328.45,Wire Transfer,36,0,False
PAY300379,INV200444,9,V0009,20251114,2025-11-14,1455.13,USD,1455.13,Corporate Card,12,0,False
PAY300380,INV200454,27,V0027,20251129,2025-11-29,1629.76,USD,1629.76,ACH,27,0,False
PAY300381,INV200503,4,V0004,20251202,2025-12-02,3292.97,GBP,4182.07,ACH,30,0,False
PAY300382,INV200587,17,V0017,20260312,2026-03-12,3130.35,USD,3130.35,ACH,130,85,True
PAY300383,INV200151,59,V0024,20260123,2026-01-23,6168.05,USD,6168.05,ACH,81,36,True
PAY300384,INV200626,32,V0032,20251215,2025-12-15,12023.63,USD,12023.63,ACH,42,0,False
PAY300385,INV200016,35,V0035,20251121,2025-11-21,4776.18,GBP,6065.75,Wire Transfer,16,0,False
PAY300386,INV200280,17,V0017,20251220,2025-12-20,4353.82,USD,4353.82,Check,45,0,False
PAY300387,INV200070,50,V0050,20251203,2025-12-03,4118.94,USD,4118.94,Check,27,0,False
PAY300388,INV200236,9,V0009,20251112,2025-11-12,6685.02,USD,6685.02,Check,4,0,False
PAY300389,INV200501,18,V0018,20251208,2025-12-08,2355.03,USD,2355.03,ACH,30,0,False
PAY300390,INV200577,2,V0002,20251215,2025-12-15,1875.55,USD,1875.55,ACH,37,0,False
PAY300391,INV200341,9,V0009,20251118,2025-11-18,3453.43,USD,3453.43,ACH,8,0,False
PAY300392,INV200500,60,V0001,20251226,2025-12-26,30905.95,USD,30905.95,ACH,45,0,False
PAY300393,INV200578,62,V0002,20251212,2025-12-12,751.49,USD,751.49,Check,29,0,False
PAY300394,INV200263,20,V0020,20251126,2025-11-26,11497.71,USD,11497.71,ACH,12,0,False
PAY300395,INV200037,38,V0038,20251229,2025-12-29,4012.44,USD,4012.44,Corporate Card,44,0,False
PAY300396,INV200655,47,V0047,20251211,2025-12-11,943.00,USD,943.00,Corporate Card,25,0,False
PAY300397,INV200328,42,V0042,20251231,2025-12-31,6443.23,USD,6443.23,ACH,43,0,False
PAY300398,INV200358,30,V0030,20260102,2026-01-02,25376.08,USD,25376.08,Wire Transfer,45,15,True
PAY300399,INV200095,40,V0040,20251217,2025-12-17,1362.63,USD,1362.63,Corporate Card,26,0,False
PAY300400,INV200484,25,V0025,20251217,2025-12-17,6289.25,GBP,7987.35,Check,26,0,False
PAY300401,INV200152,59,V0024,20251224,2025-12-24,5068.07,USD,5068.07,Check,29,0,False
PAY300402,INV200463,18,V0018,20251215,2025-12-15,2013.71,USD,2013.71,Wire Transfer,19,0,False
PAY300403,INV200342,9,V0009,20251214,2025-12-14,2479.01,USD,2479.01,Wire Transfer,15,0,False
PAY300404,INV200520,47,V0047,20260118,2026-01-18,533.15,USD,533.15,Corporate Card,50,20,True
PAY300405,INV200264,20,V0020,20251210,2025-12-10,560.21,USD,560.21,Wire Transfer,10,0,False
PAY300406,INV200490,38,V0038,20251231,2025-12-31,154.10,USD,154.10,ACH,30,0,False
PAY300407,INV200504,4,V0004,20251230,2025-12-30,3313.21,GBP,4207.78,Check,29,0,False
PAY300408,INV200588,17,V0017,20260111,2026-01-11,4932.66,USD,4932.66,ACH,41,0,False
PAY300409,INV200381,41,V0041,20260101,2026-01-01,5834.92,USD,5834.92,Corporate Card,30,0,False
PAY300410,INV200423,32,V0032,20260116,2026-01-16,1062.54,USD,1062.54,Wire Transfer,44,0,False
PAY300411,INV200489,38,V0038,20260114,2026-01-14,534.67,USD,534.67,Wire Transfer,42,0,False
PAY300412,INV200064,9,V0009,20251211,2025-12-11,935.72,USD,935.72,Check,7,0,False
PAY300413,INV200579,62,V0002,20260121,2026-01-21,1062.10,USD,1062.10,Corporate Card,47,17,True
PAY300414,INV200060,61,V0008,20251214,2025-12-14,389.65,EUR,420.82,Check,6,0,False
PAY300415,INV200359,30,V0030,20260106,2026-01-06,20227.93,USD,20227.93,ACH,29,0,False
PAY300416,INV200604,48,V0048,20260118,2026-01-18,17278.07,USD,17278.07,Wire Transfer,41,0,False
PAY300417,INV200221,42,V0042,20260409,2026-04-09,2491.57,USD,2491.57,Wire Transfer,121,76,True
PAY300418,INV200348,48,V0048,20260122,2026-01-22,9483.20,USD,9483.20,Check,44,0,False
PAY300419,INV200346,61,V0008,20251224,2025-12-24,204.00,EUR,220.32,Corporate Card,14,0,False
PAY300420,INV200349,48,V0048,20260123,2026-01-23,4467.73,USD,4467.73,Check,42,0,False
PAY300421,INV200535,60,V0001,20260203,2026-02-03,23644.83,USD,23644.83,ACH,53,8,True
PAY300422,INV200613,17,V0017,20260227,2026-02-27,9162.51,USD,9162.51,Check,77,32,True
PAY300423,INV200220,42,V0042,20260124,2026-01-24,5101.19,USD,5101.19,Check,42,0,False
PAY300424,INV200038,38,V0038,20260127,2026-01-27,5029.48,USD,5029.48,ACH,44,0,False
PAY300425,INV200452,48,V0048,20260125,2026-01-25,99497.59,USD,99497.59,Wire Transfer,42,0,False
PAY300426,INV200654,11,V0011,20260201,2026-02-01,4786.54,GBP,6078.91,ACH,45,0,False
PAY300427,INV200107,32,V0032,20260203,2026-02-03,5966.94,USD,5966.94,ACH,45,0,False
PAY300428,INV200153,25,V0025,20260505,2026-05-05,3077.91,GBP,3908.95,Check,136,106,True
PAY300429,INV200417,40,V0040,20260115,2026-01-15,975.14,USD,975.14,Check,25,0,False
PAY300430,INV200649,34,V0034,20260117,2026-01-17,530.52,EUR,572.96,Wire Transfer,27,12,True
PAY300431,INV200372,9,V0009,20260107,2026-01-07,8347.08,USD,8347.08,Wire Transfer,15,0,False
PAY300432,INV200127,48,V0048,20260129,2026-01-29,10248.00,USD,10248.00,Wire Transfer,36,0,False
PAY300433,INV200378,25,V0025,20260129,2026-01-29,1284.90,GBP,1631.82,Wire Transfer,36,6,True
PAY300434,INV200021,32,V0032,20260124,2026-01-24,4803.72,USD,4803.72,ACH,29,0,False
PAY300435,INV200154,25,V0025,20260116,2026-01-16,2260.49,GBP,2870.82,Wire Transfer,19,0,False
PAY300436,INV200059,61,V0008,20260106,2026-01-06,415.45,EUR,448.69,Corporate Card,8,0,False
PAY300437,INV200194,20,V0020,20260202,2026-02-02,3875.81,USD,3875.81,Check,33,18,True
PAY300438,INV200243,31,V0031,20260121,2026-01-21,11478.90,USD,11478.90,Wire Transfer,21,0,False
PAY300439,INV200360,9,V0009,20260104,2026-01-04,2737.64,USD,2737.64,ACH,4,0,False
PAY300440,INV200262,28,V0028,20260220,2026-02-20,96416.28,USD,96416.28,Wire Transfer,50,0,False
PAY300441,INV200583,38,V0038,20260214,2026-02-14,3629.78,USD,3629.78,Check,44,0,False
PAY300442,INV200308,34,V0034,20260204,2026-02-04,2287.79,EUR,2470.81,ACH,33,18,True
PAY300443,INV200322,50,V0050,20260515,2026-05-15,68842.95,USD,68842.95,ACH,132,102,True
PAY300444,INV200355,40,V0040,20260129,2026-01-29,1024.37,USD,1024.37,Wire Transfer,26,0,False
PAY300445,INV200455,21,V0021,20260418,2026-04-18,17237.27,USD,17237.27,ACH,105,45,True
PAY300446,INV200065,9,V0009,20260118,2026-01-18,3038.31,USD,3038.31,Check,14,0,False
PAY300447,INV200061,61,V0008,20260114,2026-01-14,165.86,EUR,179.13,ACH,5,0,False
PAY300448,INV200110,61,V0008,20260120,2026-01-20,513.01,EUR,554.05,ACH,11,0,False
PAY300449,INV200145,60,V0001,20260223,2026-02-23,89561.19,USD,89561.19,ACH,43,0,False
PAY300450,INV200051,40,V0040,20260210,2026-02-10,2573.29,USD,2573.29,ACH,29,0,False
PAY300451,INV200138,48,V0048,20260311,2026-03-11,14357.22,USD,14357.22,Check,58,13,True
PAY300452,INV200344,40,V0040,20260205,2026-02-05,1062.79,USD,1062.79,ACH,24,0,False
PAY300453,INV200350,48,V0048,20260214,2026-02-14,9282.67,USD,9282.67,ACH,32,0,False
PAY300454,INV200373,9,V0009,20260126,2026-01-26,9391.31,USD,9391.31,Wire Transfer,12,0,False
PAY300455,INV200265,20,V0020,20260129,2026-01-29,16389.54,USD,16389.54,Check,14,0,False
PAY300456,INV200379,25,V0025,20260512,2026-05-12,4751.06,GBP,6033.85,Check,117,87,True
PAY300457,INV200128,48,V0048,20260512,2026-05-12,5453.19,USD,5453.19,Check,116,71,True
PAY300458,INV200536,60,V0001,20260604,2026-06-04,6201.80,USD,6201.80,ACH,139,94,True
PAY300459,INV200494,38,V0038,20260309,2026-03-09,7007.23,USD,7007.23,ACH,51,6,True
PAY300460,INV200244,31,V0031,20260217,2026-02-17,1493.64,USD,1493.64,ACH,30,0,False
PAY300461,INV200129,48,V0048,20260222,2026-02-22,19731.61,USD,19731.61,ACH,34,0,False
PAY300462,INV200245,31,V0031,20260217,2026-02-17,10744.44,USD,10744.44,Check,29,0,False
PAY300463,INV200089,31,V0031,20260320,2026-03-20,113824.02,USD,113824.02,Check,59,29,True
PAY300464,INV200512,7,V0007,20260315,2026-03-15,10660.76,USD,10660.76,ACH,52,7,True
PAY300465,INV200195,20,V0020,20260325,2026-03-25,3662.07,USD,3662.07,Wire Transfer,61,46,True
PAY300466,INV200277,42,V0042,20260308,2026-03-08,5508.80,USD,5508.80,ACH,43,0,False
PAY300467,INV200393,17,V0017,20260223,2026-02-23,3147.33,USD,3147.33,ACH,30,0,False
PAY300468,INV200258,40,V0040,20260224,2026-02-24,2082.48,USD,2082.48,ACH,30,0,False
PAY300469,INV200491,38,V0038,20260409,2026-04-09,1854.77,USD,1854.77,Wire Transfer,74,29,True
PAY300470,INV200206,40,V0040,20260225,2026-02-25,2160.55,USD,2160.55,ACH,30,0,False
PAY300471,INV200312,33,V0033,20260424,2026-04-24,1836.34,USD,1836.34,Check,87,27,True
PAY300472,INV200039,38,V0038,20260305,2026-03-05,7873.99,USD,7873.99,ACH,35,0,False
PAY300473,INV200418,40,V0040,20260217,2026-02-17,643.28,USD,643.28,ACH,19,0,False
PAY300474,INV200449,62,V0002,20260226,2026-02-26,127.61,USD,127.61,Wire Transfer,28,0,False
PAY300475,INV200469,9,V0009,20260213,2026-02-13,5588.76,USD,5588.76,ACH,15,0,False
PAY300476,INV200584,38,V0038,20260319,2026-03-19,6962.82,USD,6962.82,ACH,49,4,True
PAY300477,INV200488,60,V0001,20260310,2026-03-10,43804.32,USD,43804.32,Wire Transfer,38,0,False
PAY300478,INV200658,28,V0028,20260331,2026-03-31,5448.27,USD,5448.27,Wire Transfer,59,0,False
PAY300479,INV200399,9,V0009,20260509,2026-05-09,13210.67,USD,13210.67,Check,96,81,True
PAY300480,INV200635,9,V0009,20260331,2026-03-31,5945.67,USD,5945.67,Wire Transfer,56,41,True
PAY300481,INV200123,18,V0018,20260305,2026-03-05,12196.53,USD,12196.53,Corporate Card,29,0,False
PAY300482,INV200022,37,V0037,20260428,2026-04-28,387.60,USD,387.60,Check,82,22,True
PAY300483,INV200132,32,V0032,20260314,2026-03-14,11299.53,USD,11299.53,Wire Transfer,35,0,False
PAY300484,INV200511,50,V0050,20260407,2026-04-07,39163.63,USD,39163.63,ACH,59,29,True
PAY300485,INV200594,28,V0028,20260325,2026-03-25,16085.53,USD,16085.53,Check,46,0,False
PAY300486,INV200040,42,V0042,20260419,2026-04-19,26434.54,USD,26434.54,Wire Transfer,69,24,True
PAY300487,INV200618,27,V0027,20260308,2026-03-08,951.76,USD,951.76,Check,25,0,False
PAY300488,INV200013,32,V0032,20260329,2026-03-29,1853.54,USD,1853.54,Corporate Card,45,0,False
PAY300489,INV200078,44,V0044,20260303,2026-03-03,14298.27,CAD,10580.72,Check,19,0,False
PAY300490,INV200196,20,V0020,20260506,2026-05-06,2581.85,USD,2581.85,ACH,82,67,True
PAY300491,INV200495,35,V0035,20260308,2026-03-08,2335.37,GBP,2965.92,ACH,23,0,False
PAY300492,INV200131,32,V0032,20260327,2026-03-27,1396.58,USD,1396.58,Corporate Card,41,0,False
PAY300493,INV200493,12,V0012,20260314,2026-03-14,2180.16,USD,2180.16,ACH,28,0,False
PAY300494,INV200665,35,V0035,20260313,2026-03-13,2335.37,GBP,2965.92,Wire Transfer,27,0,False
PAY300495,INV200111,49,V0049,20260316,2026-03-16,2984.12,USD,2984.12,ACH,29,0,False
PAY300496,INV200400,27,V0027,20260317,2026-03-17,1734.68,USD,1734.68,ACH,30,0,False
PAY300497,INV200209,48,V0048,20260619,2026-06-19,11931.78,USD,11931.78,Wire Transfer,120,75,True
PAY300498,INV200066,63,V0043,20260306,2026-03-06,15006.19,USD,15006.19,Corporate Card,14,0,False
PAY300499,INV200409,49,V0049,20260313,2026-03-13,8366.77,USD,8366.77,Check,19,0,False
PAY300500,INV200053,40,V0040,20260307,2026-03-07,1415.49,USD,1415.49,ACH,12,0,False
PAY300501,INV200401,27,V0027,20260611,2026-06-11,592.39,USD,592.39,ACH,108,78,True
PAY300502,INV200450,62,V0002,20260517,2026-05-17,65.75,USD,65.75,Corporate Card,83,53,True
PAY300503,INV200668,40,V0040,20260702,2026-07-02,1415.49,USD,1415.49,Wire Transfer,128,98,True
PAY300504,INV200278,42,V0042,20260411,2026-04-11,1458.13,USD,1458.13,ACH,45,0,False
PAY300505,INV200619,27,V0027,20260629,2026-06-29,3079.11,USD,3079.11,Wire Transfer,121,91,True
PAY300506,INV200023,37,V0037,20260807,2026-08-07,175.72,USD,175.72,Check,159,99,True
PAY300507,INV200284,4,V0004,20260330,2026-03-30,13755.06,GBP,17468.93,Wire Transfer,29,0,False
PAY300508,INV200114,28,V0028,20260423,2026-04-23,11030.54,USD,11030.54,ACH,52,0,False
PAY300509,INV200364,25,V0025,20260405,2026-04-05,929.48,GBP,1180.44,ACH,34,4,True
PAY300510,INV200502,48,V0048,20260401,2026-04-01,109992.41,USD,109992.41,ACH,30,0,False
PAY300511,INV200014,32,V0032,20260417,2026-04-17,22.21,USD,22.21,Corporate Card,45,0,False
PAY300512,INV200352,40,V0040,20260326,2026-03-26,1791.11,USD,1791.11,Check,21,0,False
PAY300513,INV200408,17,V0017,20260416,2026-04-16,3749.43,USD,3749.43,ACH,42,0,False
PAY300514,INV200073,59,V0024,20260421,2026-04-21,5375.96,USD,5375.96,Check,45,0,False
PAY300515,INV200595,28,V0028,20260505,2026-05-05,4434.38,USD,4434.38,ACH,58,0,False
PAY300516,INV200157,21,V0021,20260421,2026-04-21,22801.32,USD,22801.32,ACH,43,0,False
PAY300517,INV200242,17,V0017,20260419,2026-04-19,5975.62,USD,5975.62,ACH,41,0,False
PAY300518,INV200176,27,V0027,20260401,2026-04-01,598.28,USD,598.28,ACH,22,0,False
PAY300519,INV200470,9,V0009,20260320,2026-03-20,1479.54,USD,1479.54,Check,10,0,False
PAY300520,INV200146,33,V0033,20260507,2026-05-07,231.80,USD,231.80,ACH,57,0,False
PAY300521,INV200142,3,V0003,20260605,2026-06-05,13982.42,USD,13982.42,Check,84,39,True
PAY300522,INV200034,42,V0042,20260427,2026-04-27,7365.82,USD,7365.82,ACH,41,0,False
PAY300523,INV200003,25,V0025,20260406,2026-04-06,5267.84,GBP,6690.16,ACH,18,0,False
PAY300524,INV200269,40,V0040,20260417,2026-04-17,1207.49,USD,1207.49,Wire Transfer,26,0,False
PAY300525,INV200193,30,V0030,20260417,2026-04-17,23654.16,USD,23654.16,Check,24,0,False
PAY300526,INV200538,31,V0031,20260410,2026-04-10,65397.74,USD,65397.74,Wire Transfer,17,0,False
PAY300527,INV200309,49,V0049,20260413,2026-04-13,9411.69,USD,9411.69,Wire Transfer,19,0,False
PAY300528,INV200446,27,V0027,20260407,2026-04-07,26279.06,USD,26279.06,Check,13,0,False
PAY300529,INV200398,41,V0041,20260413,2026-04-13,40907.60,USD,40907.60,Corporate Card,18,0,False
PAY300530,INV200451,62,V0002,20260417,2026-04-17,439.49,USD,439.49,Wire Transfer,20,0,False
PAY300531,INV200212,32,V0032,20260509,2026-05-09,2510.28,USD,2510.28,ACH,41,0,False
PAY300532,INV200403,48,V0048,20260508,2026-05-08,13419.20,USD,13419.20,Corporate Card,40,0,False
PAY300533,INV200521,4,V0004,20260420,2026-04-20,113609.56,GBP,144284.14,Wire Transfer,22,0,False
PAY300534,INV200024,17,V0017,20260428,2026-04-28,5570.42,USD,5570.42,ACH,29,0,False
PAY300535,INV200056,59,V0024,20260510,2026-05-10,11695.72,USD,11695.72,ACH,41,0,False
PAY300536,INV200337,62,V0002,20260429,2026-04-29,1948.92,USD,1948.92,Wire Transfer,28,0,False
PAY300537,INV200184,9,V0009,20260516,2026-05-16,4520.99,USD,4520.99,ACH,44,29,True
PAY300538,INV200560,47,V0047,20260504,2026-05-04,827.80,USD,827.80,Wire Transfer,29,0,False
PAY300539,INV200177,27,V0027,20260603,2026-06-03,347.26,USD,347.26,Check,58,28,True
PAY300540,INV200137,20,V0020,20260509,2026-05-09,22209.77,USD,22209.77,Check,32,17,True
PAY300541,INV200402,27,V0027,20260702,2026-07-02,1928.43,USD,1928.43,Corporate Card,85,55,True
PAY300542,INV200285,4,V0004,20260506,2026-05-06,13863.18,GBP,17606.24,Corporate Card,27,0,False
PAY300543,INV200371,9,V0009,20260508,2026-05-08,5026.38,USD,5026.38,ACH,29,14,True
PAY300544,INV200238,48,V0048,20260522,2026-05-22,7148.40,USD,7148.40,ACH,42,0,False
PAY300545,INV200456,34,V0034,20260520,2026-05-20,174.88,EUR,188.87,Corporate Card,40,25,True
PAY300546,INV200115,28,V0028,20260711,2026-07-11,8502.61,USD,8502.61,ACH,91,31,True
PAY300547,INV200324,60,V0001,20260610,2026-06-10,67894.98,USD,67894.98,ACH,60,15,True
PAY300548,INV200313,33,V0033,20260709,2026-07-09,145.43,USD,145.43,Check,88,28,True
PAY300549,INV200035,42,V0042,20260526,2026-05-26,21124.91,USD,21124.91,Corporate Card,43,0,False
PAY300550,INV200361,12,V0012,20260509,2026-05-09,1084.93,USD,1084.93,ACH,26,0,False
PAY300551,INV200310,50,V0050,20260504,2026-05-04,3739.86,USD,3739.86,ACH,19,0,False
PAY300552,INV200419,17,V0017,20260626,2026-06-26,2048.17,USD,2048.17,ACH,71,26,True
PAY300553,INV200015,32,V0032,20260530,2026-05-30,4130.39,USD,4130.39,ACH,42,0,False
PAY300554,INV200457,34,V0034,20260502,2026-05-02,135.83,EUR,146.70,Wire Transfer,12,0,False
PAY300555,INV200049,50,V0050,20260515,2026-05-15,106825.72,USD,106825.72,Wire Transfer,23,0,False
PAY300556,INV200027,61,V0008,20260430,2026-04-30,406.71,EUR,439.25,ACH,6,0,False
PAY300557,INV200641,39,V0039,20260623,2026-06-23,13551.00,CAD,10027.74,ACH,59,0,False
PAY300558,INV200362,16,V0016,20260701,2026-07-01,14026.07,USD,14026.07,Check,63,33,True
PAY300559,INV200644,12,V0012,20260529,2026-05-29,2144.37,USD,2144.37,Wire Transfer,30,0,False
PAY300560,INV200041,42,V0042,20260604,2026-06-04,82700.03,USD,82700.03,Wire Transfer,34,0,False
PAY300561,INV200286,4,V0004,20260804,2026-08-04,10318.77,GBP,13104.84,ACH,81,51,True
PAY300562,INV200620,9,V0009,20260601,2026-06-01,1281.75,USD,1281.75,ACH,15,0,False
PAY300563,INV200425,32,V0032,20260701,2026-07-01,3885.21,USD,3885.21,ACH,43,0,False
PAY300564,INV200052,48,V0048,20260707,2026-07-07,7039.76,USD,7039.76,Check,44,0,False
PAY300565,INV200593,42,V0042,20260624,2026-06-24,60763.98,USD,60763.98,Wire Transfer,30,0,False
PAY300566,INV200230,30,V0030,20260615,2026-06-15,11404.68,USD,11404.68,ACH,17,0,False
PAY300567,INV200650,19,V0019,20260711,2026-07-11,9578.25,USD,9578.25,ACH,43,0,False
PAY300568,INV200363,16,V0016,20260618,2026-06-18,4914.88,USD,4914.88,Check,18,0,False
PAY300569,INV200339,9,V0009,20260730,2026-07-30,3377.12,USD,3377.12,ACH,57,42,True
PAY300570,INV200667,16,V0016,20260815,2026-08-15,4914.88,USD,4914.88,Wire Transfer,73,43,True
PAY300571,INV200582,21,V0021,20260810,2026-08-10,26725.57,USD,26725.57,Wire Transfer,66,6,True
PAY300572,INV200119,42,V0042,20260809,2026-08-09,32334.08,USD,32334.08,ACH,62,17,True
PAY300573,INV200574,40,V0040,20260707,2026-07-07,170.85,USD,170.85,Check,26,0,False
PAY300574,INV200435,30,V0030,20260626,2026-06-26,17011.67,USD,17011.67,Wire Transfer,12,0,False
PAY300575,INV200656,17,V0017,20260727,2026-07-27,2966.31,USD,2966.31,ACH,43,0,False
PAY300576,INV200621,9,V0009,20260626,2026-06-26,85.65,USD,85.65,Corporate Card,11,0,False
PAY300577,INV200190,40,V0040,20260801,2026-08-01,985.38,USD,985.38,Wire Transfer,26,0,False
PAY300578,INV200031,38,V0038,20260814,2026-08-14,13442.38,USD,13442.38,ACH,37,0,False
PAY300579,INV200067,16,V0016,20260806,2026-08-06,7613.55,USD,7613.55,ACH,28,0,False
PAY300580,INV200317,40,V0040,20260808,2026-08-08,575.63,USD,575.63,ACH,28,0,False
PAY300581,INV200585,40,V0040,20260811,2026-08-11,1014.32,USD,1014.32,Check,27,0,False
PAY300582,INV200340,9,V0009,20260811,2026-08-11,2412.55,USD,2412.55,ACH,23,8,True
PAY300583,INV200518,7,V0007,20260811,2026-08-11,2448.46,USD,2448.46,Check,4,0,False
PAY300584,INV200232,30,V0030,20260815,2026-08-15,34050.82,USD,34050.82,ACH,1,0,False
