INVOICE_ID,VENDOR_KEY,VENDOR_ID,ACCOUNT_KEY,GL_ACCOUNT_ID,PO_ID,INVOICE_DATE_KEY,INVOICE_DATE,DUE_DATE_KEY,DUE_DATE,AMOUNT,CURRENCY,AMOUNT_USD,STATUS,IS_NON_PO_SPEND,TERM_DAYS
INV200001,25,V0025,8,61300,PO100001,20250404,2025-04-04,20250504,2025-05-04,5528.24,GBP,7020.86,Paid,False,30
INV200002,25,V0025,6,61100,PO100001,20250508,2025-05-08,20250607,2025-06-07,8889.07,GBP,11289.12,Paid,False,30
INV200003,25,V0025,7,61200,PO100002,20260319,2026-03-19,20260418,2026-04-18,5267.84,GBP,6690.16,Paid,False,30
INV200004,21,V0021,8,61300,PO100003,20250118,2025-01-18,20250319,2025-03-19,6849.11,USD,6849.11,Paid,False,60
INV200005,31,V0031,4,60200,PO100005,20250430,2025-04-30,20250530,2025-05-30,4526.80,USD,4526.80,Paid,False,30
INV200006,31,V0031,2,60110,PO100005,20250528,2025-05-28,20250627,2025-06-27,5416.46,USD,5416.46,Paid,False,30
INV200007,50,V0050,2,60110,PO100006,20250713,2025-07-13,20250812,2025-08-12,14014.38,USD,14014.38,Paid,False,30
INV200008,48,V0048,1,60100,PO100007,20241219,2024-12-19,20250202,2025-02-02,6732.35,USD,6732.35,Paid,False,45
INV200009,48,V0048,2,60110,PO100007,20250109,2025-01-09,20250223,2025-02-23,4688.81,USD,4688.81,Paid,False,45
INV200010,31,V0031,3,60120,PO100009,20250921,2025-09-21,20251021,2025-10-21,13451.28,USD,13451.28,Paid,False,30
INV200011,49,V0049,6,61100,PO100010,20241026,2024-10-26,20241125,2024-11-25,25324.16,USD,25324.16,Paid,False,30
INV200012,12,V0012,12,62300,PO100011,20250427,2025-04-27,20250527,2025-05-27,2070.99,USD,2070.99,Paid,False,30
INV200013,32,V0032,8,61300,PO100012,20260212,2026-02-12,20260329,2026-03-29,1853.54,USD,1853.54,Paid,False,45
INV200014,32,V0032,8,61300,PO100012,20260303,2026-03-03,20260417,2026-04-17,22.21,USD,22.21,Paid,False,45
INV200015,32,V0032,8,61300,PO100012,20260418,2026-04-18,20260602,2026-06-02,4130.39,USD,4130.39,Paid,False,45
INV200016,35,V0035,6,61100,PO100013,20251105,2025-11-05,20251205,2025-12-05,4776.18,GBP,6065.75,Paid,False,30
INV200017,63,V0043,7,61200,PO100014,20251205,2025-12-05,20251220,2025-12-20,20499.78,USD,20499.78,Unpaid,False,15
INV200018,9,V0009,7,61200,PO100015,20251009,2025-10-09,20251024,2025-10-24,744.44,USD,744.44,Paid,False,15
INV200019,9,V0009,6,61100,PO100015,20251014,2025-10-14,20251029,2025-10-29,1755.23,USD,1755.23,Paid,False,15
INV200020,38,V0038,9,61400,PO100016,20260706,2026-07-06,20260820,2026-08-20,14124.11,USD,14124.11,Unpaid,False,45
INV200021,32,V0032,6,61100,PO100017,20251226,2025-12-26,20260209,2026-02-09,4803.72,USD,4803.72,Paid,False,45
INV200022,37,V0037,10,62100,PO100018,20260205,2026-02-05,20260406,2026-04-06,387.60,USD,387.60,Paid,False,60
INV200023,37,V0037,12,62300,PO100018,20260301,2026-03-01,20260430,2026-04-30,175.72,USD,175.72,Paid,False,60
INV200024,17,V0017,8,61300,PO100019,20260330,2026-03-30,20260514,2026-05-14,5570.42,USD,5570.42,Paid,False,45
INV200025,48,V0048,1,60100,PO100020,20250917,2025-09-17,20251101,2025-11-01,11304.74,USD,11304.74,Paid,False,45
INV200026,48,V0048,2,60110,PO100020,20251016,2025-10-16,20251130,2025-11-30,37181.12,USD,37181.12,Paid,False,45
INV200027,61,V0008,14,63100,PO100022,20260424,2026-04-24,20260509,2026-05-09,406.71,EUR,439.25,Paid,False,15
INV200028,61,V0008,14,63100,PO100022,20260606,2026-06-06,20260621,2026-06-21,130.48,EUR,140.92,Unpaid,False,15
INV200029,9,V0009,8,61300,PO100023,20250519,2025-05-19,20250603,2025-06-03,11662.67,USD,11662.67,Paid,False,15
INV200030,38,V0038,7,61200,PO100024,20250305,2025-03-05,20250419,2025-04-19,7007.98,USD,7007.98,Paid,False,45
INV200031,38,V0038,9,61400,PO100025,20260708,2026-07-08,20260822,2026-08-22,13442.38,USD,13442.38,Paid,False,45
INV200032,16,V0016,8,61300,PO100028,20241107,2024-11-07,20241207,2024-12-07,14487.03,USD,14487.03,Paid,False,30
INV200033,16,V0016,18,64200,PO100028,20241226,2024-12-26,20250125,2025-01-25,18072.55,USD,18072.55,Paid,False,30
INV200034,42,V0042,19,64300,PO100029,20260317,2026-03-17,20260501,2026-05-01,7365.82,USD,7365.82,Paid,False,45
INV200035,42,V0042,19,64300,PO100029,20260413,2026-04-13,20260528,2026-05-28,21124.91,USD,21124.91,Paid,False,45
INV200036,34,V0034,20,65100,PO100030,20250407,2025-04-07,20250422,2025-04-22,545.90,EUR,589.57,Paid,False,15
INV200037,38,V0038,9,61400,PO100031,20251115,2025-11-15,20251230,2025-12-30,4012.44,USD,4012.44,Paid,False,45
INV200038,38,V0038,6,61100,PO100031,20251214,2025-12-14,20260128,2026-01-28,5029.48,USD,5029.48,Paid,False,45
INV200039,38,V0038,6,61100,PO100031,20260129,2026-01-29,20260315,2026-03-15,7873.99,USD,7873.99,Paid,False,45
INV200040,42,V0042,17,64100,PO100032,20260209,2026-02-09,20260326,2026-03-26,26434.54,USD,26434.54,Paid,False,45
INV200041,42,V0042,16,63300,PO100033,20260501,2026-05-01,20260615,2026-06-15,82700.03,USD,82700.03,Paid,False,45
INV200042,8,V0008,14,63100,PO100034,20250913,2025-09-13,20251028,2025-10-28,377.27,EUR,407.45,Paid,False,45
INV200043,32,V0032,8,61300,PO100035,20250829,2025-08-29,20251013,2025-10-13,2654.63,USD,2654.63,Paid,False,45
INV200044,35,V0035,6,61100,PO100036,20250723,2025-07-23,20250822,2025-08-22,3155.94,GBP,4008.04,Paid,False,30
INV200045,35,V0035,9,61400,PO100036,20250812,2025-08-12,20250911,2025-09-11,4971.67,GBP,6314.02,Paid,False,30
INV200046,30,V0030,19,64300,PO100037,20241216,2024-12-16,20250115,2025-01-15,1946.23,USD,1946.23,Paid,False,30
INV200047,30,V0030,8,61300,PO100037,20250104,2025-01-04,20250203,2025-02-03,63.72,USD,63.72,Paid,False,30
INV200048,30,V0030,18,64200,PO100037,20250215,2025-02-15,20250317,2025-03-17,5169.40,USD,5169.40,Paid,False,30
INV200049,50,V0050,1,60100,PO100038,20260422,2026-04-22,20260522,2026-05-22,106825.72,USD,106825.72,Paid,False,30
INV200050,9,V0009,8,61300,PO100039,20250806,2025-08-06,20250821,2025-08-21,24261.50,USD,24261.50,Paid,False,15
INV200051,40,V0040,10,62100,PO100042,20260112,2026-01-12,20260211,2026-02-11,2573.29,USD,2573.29,Paid,False,30
INV200052,48,V0048,3,60120,PO100044,20260524,2026-05-24,20260708,2026-07-08,7039.76,USD,7039.76,Paid,False,45
INV200053,40,V0040,13,62400,PO100045,20260223,2026-02-23,20260325,2026-03-25,1415.49,USD,1415.49,Paid,False,30
INV200054,17,V0017,7,61200,PO100046,20250621,2025-06-21,20250805,2025-08-05,10391.67,USD,10391.67,Paid,False,45
INV200055,32,V0032,8,61300,PO100049,20250424,2025-04-24,20250608,2025-06-08,17260.00,USD,17260.00,Paid,False,45
INV200056,59,V0024,16,63300,PO100050,20260330,2026-03-30,20260514,2026-05-14,11695.72,USD,11695.72,Paid,False,45
INV200057,14,V0014,10,62100,PO100051,20260508,2026-05-08,20260707,2026-07-07,5729.28,USD,5729.28,Unpaid,False,60
INV200058,40,V0040,11,62200,PO100052,20250124,2025-01-24,20250223,2025-02-23,555.49,USD,555.49,Paid,False,30
INV200059,61,V0008,20,65100,PO100053,20251229,2025-12-29,20260113,2026-01-13,415.45,EUR,448.69,Paid,False,15
INV200060,61,V0008,15,63200,PO100054,20251208,2025-12-08,20251223,2025-12-23,389.65,EUR,420.82,Paid,False,15
INV200061,61,V0008,14,63100,PO100054,20260109,2026-01-09,20260124,2026-01-24,165.86,EUR,179.13,Paid,False,15
INV200062,43,V0043,6,61100,PO100055,20241121,2024-11-21,20241221,2024-12-21,30610.88,USD,30610.88,Paid,False,30
INV200063,42,V0042,8,61300,PO100056,20241228,2024-12-28,20250211,2025-02-11,37873.03,USD,37873.03,Paid,False,45
INV200064,9,V0009,8,61300,PO100057,20251204,2025-12-04,20251219,2025-12-19,935.72,USD,935.72,Paid,False,15
INV200065,9,V0009,9,61400,PO100057,20260104,2026-01-04,20260119,2026-01-19,3038.31,USD,3038.31,Paid,False,15
INV200066,63,V0043,7,61200,PO100058,20260220,2026-02-20,20260307,2026-03-07,15006.19,USD,15006.19,Paid,False,15
INV200067,16,V0016,19,64300,PO100059,20260709,2026-07-09,20260808,2026-08-08,7613.55,USD,7613.55,Paid,False,30
INV200068,50,V0050,3,60120,PO100060,20250905,2025-09-05,20251005,2025-10-05,2691.82,USD,2691.82,Paid,False,30
INV200069,50,V0050,1,60100,PO100060,20251009,2025-10-09,20251108,2025-11-08,2982.15,USD,2982.15,Paid,False,30
INV200070,50,V0050,1,60100,PO100060,20251106,2025-11-06,20251206,2025-12-06,4118.94,USD,4118.94,Paid,False,30
INV200071,22,V0022,9,61400,PO100061,20250924,2025-09-24,20251024,2025-10-24,5175.10,USD,5175.10,Paid,False,30
INV200072,9,V0009,9,61400,PO100064,20250705,2025-07-05,20250720,2025-07-20,3822.36,USD,3822.36,Paid,False,15
INV200073,59,V0024,19,64300,PO100065,20260307,2026-03-07,20260421,2026-04-21,5375.96,USD,5375.96,Paid,False,45
INV200074,32,V0032,7,61200,PO100066,20250302,2025-03-02,20250416,2025-04-16,7815.07,USD,7815.07,Paid,False,45
INV200075,8,V0008,14,63100,PO100067,20250830,2025-08-30,20251014,2025-10-14,635.57,EUR,686.42,Paid,False,45
INV200076,8,V0008,20,65100,PO100067,20250906,2025-09-06,20251021,2025-10-21,287.56,EUR,310.56,Paid,False,45
INV200077,42,V0042,16,63300,PO100068,20250417,2025-04-17,20250601,2025-06-01,29857.91,USD,29857.91,Paid,False,45
INV200078,44,V0044,3,60120,PO100069,20260212,2026-02-12,20260314,2026-03-14,14298.27,CAD,10580.72,Paid,False,30
INV200079,42,V0042,18,64200,PO100070,20250811,2025-08-11,20250925,2025-09-25,22823.14,USD,22823.14,Paid,False,45
INV200080,21,V0021,17,64100,PO100071,20260525,2026-05-25,20260724,2026-07-24,54476.16,USD,54476.16,Unpaid,False,60
INV200081,9,V0009,9,61400,PO100072,20250128,2025-01-28,20250212,2025-02-12,5523.49,USD,5523.49,Paid,False,15
INV200082,9,V0009,6,61100,PO100072,20250227,2025-02-27,20250314,2025-03-14,11894.12,USD,11894.12,Paid,False,15
INV200083,9,V0009,9,61400,PO100073,20251022,2025-10-22,20251106,2025-11-06,30499.24,USD,30499.24,Paid,False,15
INV200084,7,V0007,6,61100,PO100074,20251017,2025-10-17,20251201,2025-12-01,3831.27,USD,3831.27,Paid,False,45
INV200085,9,V0009,9,61400,PO100075,20250217,2025-02-17,20250304,2025-03-04,7369.42,USD,7369.42,Paid,False,15
INV200086,9,V0009,6,61100,PO100077,20250526,2025-05-26,20250610,2025-06-10,5052.00,USD,5052.00,Paid,False,15
INV200087,9,V0009,9,61400,PO100077,20250704,2025-07-04,20250719,2025-07-19,5675.55,USD,5675.55,Paid,False,15
INV200088,33,V0033,14,63100,PO100078,20250726,2025-07-26,20250924,2025-09-24,868.26,USD,868.26,Paid,False,60
INV200089,31,V0031,1,60100,PO100079,20260120,2026-01-20,20260219,2026-02-19,113824.02,USD,113824.02,Paid,False,30
INV200090,17,V0017,6,61100,PO100080,20250422,2025-04-22,20250606,2025-06-06,1852.46,USD,1852.46,Paid,False,45
INV200091,17,V0017,7,61200,PO100080,20250503,2025-05-03,20250617,2025-06-17,312.11,USD,312.11,Paid,False,45
INV200092,17,V0017,7,61200,PO100080,20250701,2025-07-01,20250815,2025-08-15,920.23,USD,920.23,Paid,False,45
INV200093,2,V0002,11,62200,PO100082,20250306,2025-03-06,20250420,2025-04-20,3684.92,USD,3684.92,Paid,False,45
INV200094,42,V0042,8,61300,PO100083,20250706,2025-07-06,20250820,2025-08-20,6120.10,USD,6120.10,Paid,False,45
INV200095,40,V0040,13,62400,PO100084,20251121,2025-11-21,20251221,2025-12-21,1362.63,USD,1362.63,Paid,False,30
INV200096,39,V0039,18,64200,PO100085,20250411,2025-04-11,20250610,2025-06-10,1971.93,CAD,1459.23,Paid,False,60
INV200097,39,V0039,18,64200,PO100085,20250524,2025-05-24,20250723,2025-07-23,4087.46,CAD,3024.72,Paid,False,60
INV200098,39,V0039,17,64100,PO100085,20250526,2025-05-26,20250725,2025-07-25,2560.78,CAD,1894.98,Paid,False,60
INV200099,42,V0042,19,64300,PO100086,20250906,2025-09-06,20251021,2025-10-21,16908.19,USD,16908.19,Paid,False,45
INV200100,17,V0017,9,61400,PO100087,20250704,2025-07-04,20250818,2025-08-18,2199.40,USD,2199.40,Paid,False,45
INV200101,17,V0017,6,61100,PO100087,20250712,2025-07-12,20250826,2025-08-26,727.23,USD,727.23,Paid,False,45
INV200102,42,V0042,8,61300,PO100088,20241102,2024-11-02,20241217,2024-12-17,18248.23,USD,18248.23,Paid,False,45
INV200103,42,V0042,17,64100,PO100089,20241216,2024-12-16,20250130,2025-01-30,4315.23,USD,4315.23,Unpaid,False,45
INV200104,42,V0042,19,64300,PO100089,20250107,2025-01-07,20250221,2025-02-21,1662.43,USD,1662.43,Paid,False,45
INV200105,4,V0004,2,60110,PO100090,20250119,2025-01-19,20250218,2025-02-18,15795.65,GBP,20060.48,Paid,False,30
INV200106,4,V0004,2,60110,PO100090,20250303,2025-03-03,20250402,2025-04-02,45381.75,GBP,57634.82,Paid,False,30
INV200107,32,V0032,8,61300,PO100091,20251220,2025-12-20,20260203,2026-02-03,5966.94,USD,5966.94,Paid,False,45
INV200108,42,V0042,16,63300,PO100092,20250120,2025-01-20,20250306,2025-03-06,3455.87,USD,3455.87,Paid,False,45
INV200109,42,V0042,8,61300,PO100092,20250204,2025-02-04,20250321,2025-03-21,3317.84,USD,3317.84,Paid,False,45
INV200110,61,V0008,14,63100,PO100093,20260109,2026-01-09,20260124,2026-01-24,513.01,EUR,554.05,Paid,False,15
INV200111,49,V0049,6,61100,PO100094,20260215,2026-02-15,20260317,2026-03-17,2984.12,USD,2984.12,Paid,False,30
INV200112,4,V0004,1,60100,PO100095,20250924,2025-09-24,20251024,2025-10-24,7764.44,GBP,9860.84,Paid,False,30
INV200113,32,V0032,7,61200,PO100096,20260811,2026-08-11,20260925,2026-09-25,6751.14,USD,6751.14,Unpaid,False,45
INV200114,28,V0028,19,64300,PO100097,20260302,2026-03-02,20260501,2026-05-01,11030.54,USD,11030.54,Paid,False,60
INV200115,28,V0028,8,61300,PO100097,20260411,2026-04-11,20260610,2026-06-10,8502.61,USD,8502.61,Paid,False,60
INV200116,43,V0043,9,61400,PO100098,20250308,2025-03-08,20250407,2025-04-07,3989.44,USD,3989.44,Paid,False,30
INV200117,40,V0040,12,62300,PO100099,20260618,2026-06-18,20260718,2026-07-18,2013.23,USD,2013.23,Unpaid,False,30
INV200118,40,V0040,12,62300,PO100099,20260703,2026-07-03,20260802,2026-08-02,1783.23,USD,1783.23,Unpaid,False,30
INV200119,42,V0042,8,61300,PO100100,20260608,2026-06-08,20260723,2026-07-23,32334.08,USD,32334.08,Paid,False,45
INV200120,45,V0045,7,61200,PO100101,20250615,2025-06-15,20250730,2025-07-30,10973.36,USD,10973.36,Paid,False,45
INV200121,45,V0045,8,61300,PO100101,20250627,2025-06-27,20250811,2025-08-11,722.72,USD,722.72,Paid,False,45
INV200122,45,V0045,6,61100,PO100101,20250816,2025-08-16,20250930,2025-09-30,8371.86,USD,8371.86,Paid,False,45
INV200123,18,V0018,10,62100,PO100102,20260204,2026-02-04,20260306,2026-03-06,12196.53,USD,12196.53,Paid,False,30
INV200124,35,V0035,8,61300,PO100103,20250220,2025-02-20,20250322,2025-03-22,13189.00,GBP,16750.03,Paid,False,30
INV200125,38,V0038,6,61100,PO100104,20251011,2025-10-11,20251125,2025-11-25,7155.31,USD,7155.31,Paid,False,45
INV200126,60,V0001,1,60100,PO100105,20260812,2026-08-12,20260926,2026-09-26,7731.38,USD,7731.38,Unpaid,False,45
INV200127,48,V0048,3,60120,PO100106,20251224,2025-12-24,20260207,2026-02-07,10248.00,USD,10248.00,Paid,False,45
INV200128,48,V0048,3,60120,PO100106,20260116,2026-01-16,20260302,2026-03-02,5453.19,USD,5453.19,Paid,False,45
INV200129,48,V0048,1,60100,PO100106,20260119,2026-01-19,20260305,2026-03-05,19731.61,USD,19731.61,Paid,False,45
INV200130,32,V0032,7,61200,PO100108,20260127,2026-01-27,20260313,2026-03-13,16599.48,USD,16599.48,Unpaid,False,45
INV200131,32,V0032,6,61100,PO100108,20260214,2026-02-14,20260331,2026-03-31,1396.58,USD,1396.58,Paid,False,45
INV200132,32,V0032,6,61100,PO100108,20260207,2026-02-07,20260324,2026-03-24,11299.53,USD,11299.53,Paid,False,45
INV200133,42,V0042,17,64100,PO100109,20241210,2024-12-10,20250124,2025-01-24,4385.54,USD,4385.54,Paid,False,45
INV200134,42,V0042,8,61300,PO100109,20250112,2025-01-12,20250226,2025-02-26,2366.65,USD,2366.65,Paid,False,45
INV200135,22,V0022,7,61200,PO100110,20260802,2026-08-02,20260901,2026-09-01,5195.58,USD,5195.58,Unpaid,False,30
INV200136,22,V0022,8,61300,PO100110,20260811,2026-08-11,20260910,2026-09-10,7476.80,USD,7476.80,Unpaid,False,30
INV200137,20,V0020,8,61300,PO100112,20260407,2026-04-07,20260422,2026-04-22,22209.77,USD,22209.77,Paid,False,15
INV200138,48,V0048,4,60200,PO100113,20260112,2026-01-12,20260226,2026-02-26,14357.22,USD,14357.22,Paid,False,45
INV200139,29,V0029,8,61300,PO100114,20251001,2025-10-01,20251130,2025-11-30,27587.68,USD,27587.68,Paid,False,60
INV200140,31,V0031,2,60110,PO100115,20250903,2025-09-03,20251003,2025-10-03,11140.98,USD,11140.98,Paid,False,30
INV200141,31,V0031,3,60120,PO100115,20250910,2025-09-10,20251010,2025-10-10,30336.00,USD,30336.00,Paid,False,30
INV200142,3,V0003,1,60100,PO100116,20260313,2026-03-13,20260427,2026-04-27,13982.42,USD,13982.42,Paid,False,45
INV200143,12,V0012,13,62400,PO100117,20260801,2026-08-01,20260831,2026-08-31,3914.73,USD,3914.73,Unpaid,False,30
INV200144,9,V0009,6,61100,PO100118,20250526,2025-05-26,20250610,2025-06-10,15240.41,USD,15240.41,Paid,False,15
INV200145,60,V0001,2,60110,PO100119,20260111,2026-01-11,20260225,2026-02-25,89561.19,USD,89561.19,Paid,False,45
INV200146,33,V0033,15,63200,PO100120,20260311,2026-03-11,20260510,2026-05-10,231.80,USD,231.80,Paid,False,60
INV200147,23,V0023,1,60100,PO100121,20250811,2025-08-11,20250925,2025-09-25,2919.45,USD,2919.45,Paid,False,45
INV200148,23,V0023,1,60100,PO100121,20250818,2025-08-18,20251002,2025-10-02,3930.99,USD,3930.99,Paid,False,45
INV200149,34,V0034,15,63200,PO100122,20250911,2025-09-11,20250926,2025-09-26,1623.44,EUR,1753.32,Paid,False,15
INV200150,9,V0009,7,61200,PO100123,20250915,2025-09-15,20250930,2025-09-30,5681.98,USD,5681.98,Paid,False,15
INV200151,59,V0024,17,64100,PO100124,20251103,2025-11-03,20251218,2025-12-18,6168.05,USD,6168.05,Paid,False,45
INV200152,59,V0024,16,63300,PO100124,20251125,2025-11-25,20260109,2026-01-09,5068.07,USD,5068.07,Paid,False,45
INV200153,25,V0025,7,61200,PO100125,20251220,2025-12-20,20260119,2026-01-19,3077.91,GBP,3908.95,Paid,False,30
INV200154,25,V0025,6,61100,PO100125,20251228,2025-12-28,20260127,2026-01-27,2260.49,GBP,2870.82,Paid,False,30
INV200155,21,V0021,16,63300,PO100127,20250703,2025-07-03,20250901,2025-09-01,27744.70,USD,27744.70,Paid,False,60
INV200156,21,V0021,16,63300,PO100127,20250709,2025-07-09,20250907,2025-09-07,10473.74,USD,10473.74,Paid,False,60
INV200157,21,V0021,19,64300,PO100128,20260309,2026-03-09,20260508,2026-05-08,22801.32,USD,22801.32,Paid,False,60
INV200158,18,V0018,10,62100,PO100129,20250821,2025-08-21,20250920,2025-09-20,1471.28,USD,1471.28,Paid,False,30
INV200159,48,V0048,4,60200,PO100130,20260605,2026-06-05,20260720,2026-07-20,43838.48,USD,43838.48,Unpaid,False,45
INV200160,48,V0048,3,60120,PO100131,20250524,2025-05-24,20250708,2025-07-08,3074.08,USD,3074.08,Paid,False,45
INV200161,48,V0048,4,60200,PO100131,20250614,2025-06-14,20250729,2025-07-29,2890.91,USD,2890.91,Paid,False,45
INV200162,18,V0018,11,62200,PO100132,20260616,2026-06-16,20260716,2026-07-16,2496.01,USD,2496.01,Unpaid,False,30
INV200163,62,V0002,11,62200,PO100133,20260618,2026-06-18,20260718,2026-07-18,2512.55,USD,2512.55,Unpaid,False,30
INV200164,31,V0031,2,60110,PO100134,20251014,2025-10-14,20251113,2025-11-13,17617.10,USD,17617.10,Unpaid,False,30
INV200165,7,V0007,7,61200,PO100135,20250304,2025-03-04,20250418,2025-04-18,7836.47,USD,7836.47,Paid,False,45
INV200166,7,V0007,7,61200,PO100135,20250327,2025-03-27,20250511,2025-05-11,4460.10,USD,4460.10,Paid,False,45
INV200167,33,V0033,14,63100,PO100136,20250712,2025-07-12,20250910,2025-09-10,974.71,USD,974.71,Paid,False,60
INV200168,17,V0017,9,61400,PO100137,20250804,2025-08-04,20250918,2025-09-18,22240.99,USD,22240.99,Paid,False,45
INV200169,48,V0048,3,60120,PO100138,20250308,2025-03-08,20250422,2025-04-22,32621.04,USD,32621.04,Unpaid,False,45
INV200170,48,V0048,1,60100,PO100138,20250317,2025-03-17,20250501,2025-05-01,20765.73,USD,20765.73,Paid,False,45
INV200171,32,V0032,7,61200,PO100139,20250824,2025-08-24,20251008,2025-10-08,7950.50,USD,7950.50,Unpaid,False,45
INV200172,32,V0032,7,61200,PO100139,20250911,2025-09-11,20251026,2025-10-26,4561.11,USD,4561.11,Paid,False,45
INV200173,32,V0032,7,61200,PO100140,20250821,2025-08-21,20251005,2025-10-05,9007.57,USD,9007.57,Paid,False,45
INV200174,32,V0032,8,61300,PO100140,20250913,2025-09-13,20251028,2025-10-28,14278.63,USD,14278.63,Paid,False,45
INV200175,40,V0040,10,62100,PO100142,20241002,2024-10-02,20241101,2024-11-01,649.89,USD,649.89,Paid,False,30
INV200176,27,V0027,8,61300,PO100143,20260310,2026-03-10,20260409,2026-04-09,598.28,USD,598.28,Paid,False,30
INV200177,27,V0027,9,61400,PO100143,20260406,2026-04-06,20260506,2026-05-06,347.26,USD,347.26,Paid,False,30
INV200178,27,V0027,8,61300,PO100143,20260507,2026-05-07,20260606,2026-06-06,1375.50,USD,1375.50,Unpaid,False,30
INV200179,17,V0017,8,61300,PO100144,20250831,2025-08-31,20251015,2025-10-15,7991.61,USD,7991.61,Paid,False,45
INV200180,22,V0022,6,61100,PO100145,20250509,2025-05-09,20250608,2025-06-08,2038.65,USD,2038.65,Paid,False,30
INV200181,42,V0042,19,64300,PO100147,20241201,2024-12-01,20250115,2025-01-15,15268.92,USD,15268.92,Paid,False,45
INV200182,42,V0042,17,64100,PO100147,20250108,2025-01-08,20250222,2025-02-22,13975.16,USD,13975.16,Paid,False,45
INV200183,31,V0031,1,60100,PO100149,20250109,2025-01-09,20250208,2025-02-08,44690.67,USD,44690.67,Paid,False,30
INV200184,9,V0009,6,61100,PO100150,20260402,2026-04-02,20260417,2026-04-17,4520.99,USD,4520.99,Paid,False,15
INV200185,9,V0009,7,61200,PO100151,20250403,2025-04-03,20250418,2025-04-18,2710.09,USD,2710.09,Paid,False,15
INV200186,9,V0009,9,61400,PO100151,20250502,2025-05-02,20250517,2025-05-17,7448.17,USD,7448.17,Paid,False,15
INV200187,21,V0021,18,64200,PO100152,20250517,2025-05-17,20250716,2025-07-16,9590.18,USD,9590.18,Paid,False,60
INV200188,9,V0009,8,61300,PO100153,20251020,2025-10-20,20251104,2025-11-04,2904.58,USD,2904.58,Paid,False,15
INV200189,40,V0040,13,62400,PO100154,20260610,2026-06-10,20260710,2026-07-10,2807.47,USD,2807.47,Unpaid,False,30
INV200190,40,V0040,10,62100,PO100154,20260706,2026-07-06,20260805,2026-08-05,985.38,USD,985.38,Paid,False,30
INV200191,11,V0011,7,61200,PO100155,20250325,2025-03-25,20250509,2025-05-09,8049.16,GBP,10222.43,Paid,False,45
INV200192,38,V0038,9,61400,PO100156,20250615,2025-06-15,20250730,2025-07-30,12683.74,USD,12683.74,Paid,False,45
INV200193,30,V0030,18,64200,PO100157,20260324,2026-03-24,20260423,2026-04-23,23654.16,USD,23654.16,Paid,False,30
INV200194,20,V0020,8,61300,PO100158,20251231,2025-12-31,20260115,2026-01-15,3875.81,USD,3875.81,Paid,False,15
INV200195,20,V0020,6,61100,PO100158,20260123,2026-01-23,20260207,2026-02-07,3662.07,USD,3662.07,Paid,False,15
INV200196,20,V0020,7,61200,PO100158,20260213,2026-02-13,20260228,2026-02-28,2581.85,USD,2581.85,Paid,False,15
INV200197,43,V0043,8,61300,PO100159,20250228,2025-02-28,20250330,2025-03-30,7032.42,USD,7032.42,Paid,False,30
INV200198,25,V0025,7,61200,PO100161,20260507,2026-05-07,20260606,2026-06-06,11567.84,GBP,14691.16,Unpaid,False,30
INV200199,35,V0035,6,61100,PO100162,20250309,2025-03-09,20250408,2025-04-08,2880.40,GBP,3658.11,Paid,False,30
INV200200,35,V0035,6,61100,PO100162,20250331,2025-03-31,20250430,2025-04-30,4489.09,GBP,5701.14,Paid,False,30
INV200201,2,V0002,12,62300,PO100163,20250304,2025-03-04,20250418,2025-04-18,302.70,USD,302.70,Paid,False,45
INV200202,2,V0002,10,62100,PO100163,20250306,2025-03-06,20250420,2025-04-20,41.46,USD,41.46,Paid,False,45
INV200203,2,V0002,10,62100,PO100163,20250515,2025-05-15,20250629,2025-06-29,1089.44,USD,1089.44,Paid,False,45
INV200204,48,V0048,1,60100,PO100164,20251101,2025-11-01,20251216,2025-12-16,2324.26,USD,2324.26,Paid,False,45
INV200205,48,V0048,4,60200,PO100164,20251205,2025-12-05,20260119,2026-01-19,4153.21,USD,4153.21,Unpaid,False,45
INV200206,40,V0040,11,62200,PO100165,20260126,2026-01-26,20260225,2026-02-25,2160.55,USD,2160.55,Paid,False,30
INV200207,27,V0027,9,61400,PO100166,20260531,2026-05-31,20260630,2026-06-30,2186.43,USD,2186.43,Unpaid,False,30
INV200208,23,V0023,2,60110,PO100167,20250524,2025-05-24,20250708,2025-07-08,5444.24,USD,5444.24,Unpaid,False,45
INV200209,48,V0048,3,60120,PO100168,20260219,2026-02-19,20260405,2026-04-05,11931.78,USD,11931.78,Paid,False,45
INV200210,30,V0030,17,64100,PO100169,20250925,2025-09-25,20251025,2025-10-25,2216.07,USD,2216.07,Paid,False,30
INV200211,30,V0030,19,64300,PO100169,20251024,2025-10-24,20251123,2025-11-23,4105.89,USD,4105.89,Paid,False,30
INV200212,32,V0032,6,61100,PO100170,20260329,2026-03-29,20260513,2026-05-13,2510.28,USD,2510.28,Paid,False,45
INV200213,43,V0043,8,61300,PO100171,20250423,2025-04-23,20250523,2025-05-23,721.85,USD,721.85,Paid,False,30
INV200214,43,V0043,7,61200,PO100171,20250510,2025-05-10,20250609,2025-06-09,555.91,USD,555.91,Paid,False,30
INV200215,43,V0043,6,61100,PO100171,20250616,2025-06-16,20250716,2025-07-16,2143.96,USD,2143.96,Paid,False,30
INV200216,4,V0004,3,60120,PO100172,20250926,2025-09-26,20251026,2025-10-26,8410.70,GBP,10681.59,Paid,False,30
INV200217,9,V0009,7,61200,PO100173,20250922,2025-09-22,20251007,2025-10-07,3103.72,USD,3103.72,Paid,False,15
INV200218,31,V0031,3,60120,PO100174,20241018,2024-10-18,20241117,2024-11-17,9634.76,USD,9634.76,Paid,False,30
INV200219,9,V0009,6,61100,PO100175,20251022,2025-10-22,20251106,2025-11-06,3283.35,USD,3283.35,Paid,False,15
INV200220,42,V0042,19,64300,PO100176,20251213,2025-12-13,20260127,2026-01-27,5101.19,USD,5101.19,Paid,False,45
INV200221,42,V0042,16,63300,PO100176,20251209,2025-12-09,20260123,2026-01-23,2491.57,USD,2491.57,Paid,False,45
INV200222,41,V0041,1,60100,PO100177,20260601,2026-06-01,20260701,2026-07-01,4669.48,USD,4669.48,Unpaid,False,30
INV200223,41,V0041,1,60100,PO100177,20260719,2026-07-19,20260818,2026-08-18,7436.07,USD,7436.07,Unpaid,False,30
INV200224,42,V0042,19,64300,PO100178,20250911,2025-09-11,20251026,2025-10-26,25198.78,USD,25198.78,Paid,False,45
INV200225,42,V0042,8,61300,PO100179,20250130,2025-01-30,20250316,2025-03-16,10419.38,USD,10419.38,Paid,False,45
INV200226,31,V0031,4,60200,PO100180,20250812,2025-08-12,20250911,2025-09-11,58813.08,USD,58813.08,Paid,False,30
INV200227,9,V0009,7,61200,PO100181,20250213,2025-02-13,20250228,2025-02-28,12417.46,USD,12417.46,Unpaid,False,15
INV200228,8,V0008,15,63200,PO100183,20241107,2024-11-07,20241222,2024-12-22,415.30,EUR,448.52,Paid,False,45
INV200229,8,V0008,20,65100,PO100183,20241210,2024-12-10,20250124,2025-01-24,148.48,EUR,160.36,Paid,False,45
INV200230,30,V0030,17,64100,PO100184,20260529,2026-05-29,20260628,2026-06-28,11404.68,USD,11404.68,Paid,False,30
INV200231,30,V0030,18,64200,PO100184,20260706,2026-07-06,20260805,2026-08-05,4785.32,USD,4785.32,Unpaid,False,30
INV200232,30,V0030,18,64200,PO100184,20260814,2026-08-14,20260913,2026-09-13,34050.82,USD,34050.82,Paid,False,30
INV200233,2,V0002,13,62400,PO100185,20250725,2025-07-25,20250908,2025-09-08,4911.73,USD,4911.73,Paid,False,45
INV200234,2,V0002,10,62100,PO100186,20241126,2024-11-26,20250110,2025-01-10,4078.59,USD,4078.59,Paid,False,45
INV200235,2,V0002,12,62300,PO100186,20241224,2024-12-24,20250207,2025-02-07,4563.56,USD,4563.56,Paid,False,45
INV200236,9,V0009,6,61100,PO100187,20251108,2025-11-08,20251123,2025-11-23,6685.02,USD,6685.02,Paid,False,15
INV200237,25,V0025,6,61100,PO100188,20250118,2025-01-18,20250217,2025-02-17,12490.10,GBP,15862.43,Paid,False,30
INV200238,48,V0048,4,60200,PO100189,20260410,2026-04-10,20260525,2026-05-25,7148.40,USD,7148.40,Paid,False,45
INV200239,7,V0007,7,61200,PO100190,20250831,2025-08-31,20251015,2025-10-15,5703.33,USD,5703.33,Paid,False,45
INV200240,7,V0007,8,61300,PO100190,20251003,2025-10-03,20251117,2025-11-17,2019.65,USD,2019.65,Paid,False,45
INV200241,7,V0007,6,61100,PO100190,20251101,2025-11-01,20251216,2025-12-16,2328.45,USD,2328.45,Paid,False,45
INV200242,17,V0017,9,61400,PO100191,20260309,2026-03-09,20260423,2026-04-23,5975.62,USD,5975.62,Paid,False,45
INV200243,31,V0031,4,60200,PO100192,20251231,2025-12-31,20260130,2026-01-30,11478.90,USD,11478.90,Paid,False,30
INV200244,31,V0031,4,60200,PO100192,20260118,2026-01-18,20260217,2026-02-17,1493.64,USD,1493.64,Paid,False,30
INV200245,31,V0031,2,60110,PO100192,20260119,2026-01-19,20260218,2026-02-18,10744.44,USD,10744.44,Paid,False,30
INV200246,27,V0027,8,61300,PO100193,20241221,2024-12-21,20250120,2025-01-20,12754.50,USD,12754.50,Paid,False,30
INV200247,27,V0027,8,61300,PO100193,20250111,2025-01-11,20250210,2025-02-10,15028.69,USD,15028.69,Paid,False,30
INV200248,32,V0032,8,61300,PO100194,20250728,2025-07-28,20250911,2025-09-11,4479.83,USD,4479.83,Paid,False,45
INV200249,8,V0008,20,65100,PO100195,20250426,2025-04-26,20250610,2025-06-10,264.03,EUR,285.15,Paid,False,45
INV200250,40,V0040,10,62100,PO100196,20250102,2025-01-02,20250201,2025-02-01,1552.99,USD,1552.99,Paid,False,30
INV200251,40,V0040,12,62300,PO100197,20250607,2025-06-07,20250707,2025-07-07,839.67,USD,839.67,Paid,False,30
INV200252,24,V0024,18,64200,PO100198,20250305,2025-03-05,20250320,2025-03-20,12721.46,USD,12721.46,Paid,False,15
INV200253,24,V0024,8,61300,PO100198,20250421,2025-04-21,20250506,2025-05-06,7864.73,USD,7864.73,Paid,False,15
INV200254,48,V0048,1,60100,PO100199,20260112,2026-01-12,20260226,2026-02-26,16326.03,USD,16326.03,Unpaid,False,45
INV200255,35,V0035,7,61200,PO100200,20250206,2025-02-06,20250308,2025-03-08,4836.58,GBP,6142.46,Paid,False,30
INV200256,35,V0035,6,61100,PO100200,20250216,2025-02-16,20250318,2025-03-18,2493.78,GBP,3167.10,Paid,False,30
INV200257,2,V0002,11,62200,PO100202,20250516,2025-05-16,20250630,2025-06-30,729.31,USD,729.31,Paid,False,45
INV200258,40,V0040,13,62400,PO100203,20260125,2026-01-25,20260224,2026-02-24,2082.48,USD,2082.48,Paid,False,30
INV200259,16,V0016,18,64200,PO100204,20250806,2025-08-06,20250905,2025-09-05,23938.61,USD,23938.61,Paid,False,30
INV200260,29,V0029,16,63300,PO100205,20241122,2024-11-22,20250121,2025-01-21,2980.95,USD,2980.95,Paid,False,60
INV200261,29,V0029,17,64100,PO100205,20241209,2024-12-09,20250207,2025-02-07,3309.84,USD,3309.84,Unpaid,False,60
INV200262,28,V0028,17,64100,PO100206,20260101,2026-01-01,20260302,2026-03-02,96416.28,USD,96416.28,Paid,False,60
INV200263,20,V0020,8,61300,PO100207,20251114,2025-11-14,20251129,2025-11-29,11497.71,USD,11497.71,Paid,False,15
INV200264,20,V0020,8,61300,PO100207,20251130,2025-11-30,20251215,2025-12-15,560.21,USD,560.21,Paid,False,15
INV200265,20,V0020,6,61100,PO100207,20260115,2026-01-15,20260130,2026-01-30,16389.54,USD,16389.54,Paid,False,15
INV200266,37,V0037,12,62300,PO100209,20250619,2025-06-19,20250818,2025-08-18,2568.32,USD,2568.32,Paid,False,60
INV200267,20,V0020,7,61200,PO100210,20260520,2026-05-20,20260604,2026-06-04,1208.72,USD,1208.72,Unpaid,False,15
INV200268,20,V0020,6,61100,PO100210,20260608,2026-06-08,20260623,2026-06-23,2367.39,USD,2367.39,Unpaid,False,15
INV200269,40,V0040,10,62100,PO100211,20260322,2026-03-22,20260421,2026-04-21,1207.49,USD,1207.49,Paid,False,30
INV200270,31,V0031,3,60120,PO100212,20260624,2026-06-24,20260724,2026-07-24,7358.22,USD,7358.22,Unpaid,False,30
INV200271,31,V0031,4,60200,PO100212,20260630,2026-06-30,20260730,2026-07-30,4348.94,USD,4348.94,Unpaid,False,30
INV200272,4,V0004,2,60110,PO100213,20250427,2025-04-27,20250527,2025-05-27,19913.40,GBP,25290.02,Paid,False,30
INV200273,42,V0042,17,64100,PO100214,20241111,2024-11-11,20241226,2024-12-26,6959.56,USD,6959.56,Paid,False,45
INV200274,38,V0038,7,61200,PO100215,20241220,2024-12-20,20250203,2025-02-03,4056.36,USD,4056.36,Paid,False,45
INV200275,38,V0038,7,61200,PO100215,20250124,2025-01-24,20250310,2025-03-10,7300.65,USD,7300.65,Paid,False,45
INV200276,38,V0038,6,61100,PO100215,20250227,2025-02-27,20250413,2025-04-13,3793.03,USD,3793.03,Paid,False,45
INV200277,42,V0042,19,64300,PO100216,20260124,2026-01-24,20260310,2026-03-10,5508.80,USD,5508.80,Paid,False,45
INV200278,42,V0042,19,64300,PO100216,20260225,2026-02-25,20260411,2026-04-11,1458.13,USD,1458.13,Paid,False,45
INV200279,17,V0017,6,61100,PO100217,20251012,2025-10-12,20251126,2025-11-26,4914.11,USD,4914.11,Paid,False,45
INV200280,17,V0017,8,61300,PO100217,20251105,2025-11-05,20251220,2025-12-20,4353.82,USD,4353.82,Paid,False,45
INV200281,23,V0023,1,60100,PO100218,20241030,2024-10-30,20241214,2024-12-14,46343.34,USD,46343.34,Paid,False,45
INV200282,27,V0027,6,61100,PO100219,20250312,2025-03-12,20250411,2025-04-11,3406.23,USD,3406.23,Unpaid,False,30
INV200283,4,V0004,2,60110,PO100220,20250316,2025-03-16,20250415,2025-04-15,36895.22,GBP,46856.93,Paid,False,30
INV200284,4,V0004,3,60120,PO100221,20260301,2026-03-01,20260331,2026-03-31,13755.06,GBP,17468.93,Paid,False,30
INV200285,4,V0004,4,60200,PO100221,20260409,2026-04-09,20260509,2026-05-09,13863.18,GBP,17606.24,Paid,False,30
INV200286,4,V0004,1,60100,PO100221,20260515,2026-05-15,20260614,2026-06-14,10318.77,GBP,13104.84,Paid,False,30
INV200287,37,V0037,10,62100,PO100222,20251004,2025-10-04,20251203,2025-12-03,1826.77,USD,1826.77,Paid,False,60
INV200288,60,V0001,1,60100,PO100224,20250916,2025-09-16,20251031,2025-10-31,8694.21,USD,8694.21,Paid,False,45
INV200289,60,V0001,2,60110,PO100224,20250928,2025-09-28,20251112,2025-11-12,10837.06,USD,10837.06,Paid,False,45
INV200290,48,V0048,4,60200,PO100225,20250512,2025-05-12,20250626,2025-06-26,3873.59,USD,3873.59,Paid,False,45
INV200291,48,V0048,2,60110,PO100225,20250623,2025-06-23,20250807,2025-08-07,1765.40,USD,1765.40,Paid,False,45
INV200292,30,V0030,8,61300,PO100226,20241011,2024-10-11,20241110,2024-11-10,1296.50,USD,1296.50,Paid,False,30
INV200293,30,V0030,8,61300,PO100226,20241012,2024-10-12,20241111,2024-11-11,4251.38,USD,4251.38,Paid,False,30
INV200294,32,V0032,8,61300,PO100227,20260626,2026-06-26,20260810,2026-08-10,4457.83,USD,4457.83,Unpaid,False,45
INV200295,41,V0041,1,60100,PO100228,20241229,2024-12-29,20250128,2025-01-28,33804.52,USD,33804.52,Paid,False,30
INV200296,41,V0041,3,60120,PO100228,20250208,2025-02-08,20250310,2025-03-10,22107.81,USD,22107.81,Unpaid,False,30
INV200297,25,V0025,7,61200,PO100229,20241112,2024-11-12,20241212,2024-12-12,5467.52,GBP,6943.75,Paid,False,30
INV200298,25,V0025,6,61100,PO100229,20241209,2024-12-09,20250108,2025-01-08,2541.56,GBP,3227.78,Paid,False,30
INV200299,39,V0039,19,64300,PO100230,20250310,2025-03-10,20250509,2025-05-09,3787.77,CAD,2802.95,Paid,False,60
INV200300,39,V0039,19,64300,PO100230,20250404,2025-04-04,20250603,2025-06-03,2398.61,CAD,1774.97,Paid,False,60
INV200301,4,V0004,2,60110,PO100231,20250729,2025-07-29,20250828,2025-08-28,11701.58,GBP,14861.01,Paid,False,30
INV200302,13,V0013,4,60200,PO100232,20250515,2025-05-15,20250614,2025-06-14,11555.14,USD,11555.14,Paid,False,30
INV200303,13,V0013,3,60120,PO100232,20250607,2025-06-07,20250707,2025-07-07,19768.56,USD,19768.56,Paid,False,30
INV200304,13,V0013,3,60120,PO100232,20250705,2025-07-05,20250804,2025-08-04,23247.71,USD,23247.71,Paid,False,30
INV200305,20,V0020,7,61200,PO100233,20250524,2025-05-24,20250608,2025-06-08,6175.49,USD,6175.49,Paid,False,15
INV200306,18,V0018,10,62100,PO100236,20250615,2025-06-15,20250715,2025-07-15,953.34,USD,953.34,Paid,False,30
INV200307,18,V0018,12,62300,PO100236,20250622,2025-06-22,20250722,2025-07-22,346.74,USD,346.74,Paid,False,30
INV200308,34,V0034,20,65100,PO100237,20260102,2026-01-02,20260117,2026-01-17,2287.79,EUR,2470.81,Paid,False,15
INV200309,49,V0049,7,61200,PO100238,20260325,2026-03-25,20260424,2026-04-24,9411.69,USD,9411.69,Paid,False,30
INV200310,50,V0050,4,60200,PO100239,20260415,2026-04-15,20260515,2026-05-15,3739.86,USD,3739.86,Paid,False,30
INV200311,50,V0050,1,60100,PO100239,20260531,2026-05-31,20260630,2026-06-30,6240.44,USD,6240.44,Unpaid,False,30
INV200312,33,V0033,14,63100,PO100240,20260127,2026-01-27,20260328,2026-03-28,1836.34,USD,1836.34,Paid,False,60
INV200313,33,V0033,20,65100,PO100241,20260412,2026-04-12,20260611,2026-06-11,145.43,USD,145.43,Paid,False,60
INV200314,33,V0033,14,63100,PO100241,20260517,2026-05-17,20260716,2026-07-16,70.81,USD,70.81,Unpaid,False,60
INV200315,38,V0038,7,61200,PO100242,20250817,2025-08-17,20251001,2025-10-01,2001.14,USD,2001.14,Paid,False,45
INV200316,38,V0038,9,61400,PO100242,20250919,2025-09-19,20251103,2025-11-03,1249.76,USD,1249.76,Paid,False,45
INV200317,40,V0040,11,62200,PO100243,20260711,2026-07-11,20260810,2026-08-10,575.63,USD,575.63,Paid,False,30
INV200318,40,V0040,12,62300,PO100243,20260727,2026-07-27,20260826,2026-08-26,1833.57,USD,1833.57,Unpaid,False,30
INV200319,31,V0031,4,60200,PO100244,20250725,2025-07-25,20250824,2025-08-24,7465.58,USD,7465.58,Unpaid,False,30
INV200320,22,V0022,7,61200,PO100245,20241130,2024-11-30,20241230,2024-12-30,5231.35,USD,5231.35,Paid,False,30
INV200321,18,V0018,12,62300,PO100246,20241130,2024-11-30,20241230,2024-12-30,814.29,USD,814.29,Paid,False,30
INV200322,50,V0050,4,60200,PO100247,20260103,2026-01-03,20260202,2026-02-02,68842.95,USD,68842.95,Paid,False,30
INV200323,42,V0042,16,63300,PO100248,20250916,2025-09-16,20251031,2025-10-31,24664.00,USD,24664.00,Paid,False,45
INV200324,60,V0001,3,60120,PO100249,20260411,2026-04-11,20260526,2026-05-26,67894.98,USD,67894.98,Paid,False,45
INV200325,48,V0048,4,60200,PO100250,20260627,2026-06-27,20260811,2026-08-11,17845.75,USD,17845.75,Unpaid,False,45
INV200326,16,V0016,8,61300,PO100251,20251029,2025-10-29,20251128,2025-11-28,111343.57,USD,111343.57,Paid,False,30
INV200327,25,V0025,8,61300,PO100252,20250216,2025-02-16,20250318,2025-03-18,8224.55,GBP,10445.18,Paid,False,30
INV200328,42,V0042,16,63300,PO100253,20251118,2025-11-18,20260102,2026-01-02,6443.23,USD,6443.23,Paid,False,45
INV200329,20,V0020,8,61300,PO100254,20241122,2024-11-22,20241207,2024-12-07,2370.08,USD,2370.08,Paid,False,15
INV200330,20,V0020,9,61400,PO100254,20241219,2024-12-19,20250103,2025-01-03,4103.90,USD,4103.90,Paid,False,15
INV200331,10,V0010,8,61300,PO100255,20250209,2025-02-09,20250224,2025-02-24,10182.44,USD,10182.44,Paid,False,15
INV200332,27,V0027,7,61200,PO100257,20250805,2025-08-05,20250904,2025-09-04,2997.12,USD,2997.12,Paid,False,30
INV200333,27,V0027,8,61300,PO100257,20250820,2025-08-20,20250919,2025-09-19,4424.71,USD,4424.71,Paid,False,30
INV200334,27,V0027,6,61100,PO100257,20250921,2025-09-21,20251021,2025-10-21,2831.76,USD,2831.76,Paid,False,30
INV200335,42,V0042,19,64300,PO100258,20251018,2025-10-18,20251202,2025-12-02,6106.67,USD,6106.67,Paid,False,45
INV200336,42,V0042,8,61300,PO100258,20251101,2025-11-01,20251216,2025-12-16,19267.39,USD,19267.39,Unpaid,False,45
INV200337,62,V0002,13,62400,PO100259,20260401,2026-04-01,20260501,2026-05-01,1948.92,USD,1948.92,Paid,False,30
INV200338,9,V0009,8,61300,PO100260,20260504,2026-05-04,20260519,2026-05-19,3910.80,USD,3910.80,Unpaid,False,15
INV200339,9,V0009,8,61300,PO100260,20260603,2026-06-03,20260618,2026-06-18,3377.12,USD,3377.12,Paid,False,15
INV200340,9,V0009,9,61400,PO100260,20260719,2026-07-19,20260803,2026-08-03,2412.55,USD,2412.55,Paid,False,15
INV200341,9,V0009,6,61100,PO100262,20251110,2025-11-10,20251125,2025-11-25,3453.43,USD,3453.43,Paid,False,15
INV200342,9,V0009,9,61400,PO100262,20251129,2025-11-29,20251214,2025-12-14,2479.01,USD,2479.01,Paid,False,15
INV200343,31,V0031,1,60100,PO100263,20260507,2026-05-07,20260606,2026-06-06,9216.22,USD,9216.22,Unpaid,False,30
INV200344,40,V0040,12,62300,PO100264,20260112,2026-01-12,20260211,2026-02-11,1062.79,USD,1062.79,Paid,False,30
INV200345,8,V0008,14,63100,PO100265,20251011,2025-10-11,20251125,2025-11-25,57.45,EUR,62.05,Paid,False,45
INV200346,61,V0008,15,63200,PO100265,20251210,2025-12-10,20251225,2025-12-25,204.00,EUR,220.32,Paid,False,15
INV200347,17,V0017,7,61200,PO100266,20250501,2025-05-01,20250615,2025-06-15,6844.47,USD,6844.47,Paid,False,45
INV200348,48,V0048,2,60110,PO100267,20251209,2025-12-09,20260123,2026-01-23,9483.20,USD,9483.20,Paid,False,45
INV200349,48,V0048,4,60200,PO100267,20251212,2025-12-12,20260126,2026-01-26,4467.73,USD,4467.73,Paid,False,45
INV200350,48,V0048,2,60110,PO100267,20260113,2026-01-13,20260227,2026-02-27,9282.67,USD,9282.67,Paid,False,45
INV200351,49,V0049,8,61300,PO100268,20250516,2025-05-16,20250615,2025-06-15,4166.76,USD,4166.76,Paid,False,30
INV200352,40,V0040,10,62100,PO100269,20260305,2026-03-05,20260404,2026-04-04,1791.11,USD,1791.11,Paid,False,30
INV200353,40,V0040,12,62300,PO100270,20251023,2025-10-23,20251122,2025-11-22,836.37,USD,836.37,Paid,False,30
INV200354,40,V0040,13,62400,PO100270,20251101,2025-11-01,20251201,2025-12-01,1206.37,USD,1206.37,Unpaid,False,30
INV200355,40,V0040,12,62300,PO100270,20260103,2026-01-03,20260202,2026-02-02,1024.37,USD,1024.37,Paid,False,30
INV200356,40,V0040,10,62100,PO100272,20241205,2024-12-05,20250104,2025-01-04,1025.54,USD,1025.54,Paid,False,30
INV200357,9,V0009,6,61100,PO100273,20251121,2025-11-21,20251206,2025-12-06,6261.47,USD,6261.47,Unpaid,False,15
INV200358,30,V0030,18,64200,PO100275,20251118,2025-11-18,20251218,2025-12-18,25376.08,USD,25376.08,Paid,False,30
INV200359,30,V0030,16,63300,PO100275,20251208,2025-12-08,20260107,2026-01-07,20227.93,USD,20227.93,Paid,False,30
INV200360,9,V0009,9,61400,PO100276,20251231,2025-12-31,20260115,2026-01-15,2737.64,USD,2737.64,Paid,False,15
INV200361,12,V0012,12,62300,PO100278,20260413,2026-04-13,20260513,2026-05-13,1084.93,USD,1084.93,Paid,False,30
INV200362,16,V0016,18,64200,PO100279,20260429,2026-04-29,20260529,2026-05-29,14026.07,USD,14026.07,Paid,False,30
INV200363,16,V0016,18,64200,PO100279,20260531,2026-05-31,20260630,2026-06-30,4914.88,USD,4914.88,Paid,False,30
INV200364,25,V0025,9,61400,PO100280,20260302,2026-03-02,20260401,2026-04-01,929.48,GBP,1180.44,Paid,False,30
INV200365,25,V0025,7,61200,PO100280,20260423,2026-04-23,20260523,2026-05-23,2642.16,GBP,3355.54,Unpaid,False,30
INV200366,40,V0040,13,62400,PO100281,20251031,2025-10-31,20251130,2025-11-30,661.00,USD,661.00,Paid,False,30
INV200367,20,V0020,8,61300,PO100283,20250829,2025-08-29,20250913,2025-09-13,4988.40,USD,4988.40,Paid,False,15
INV200368,9,V0009,6,61100,PO100284,20241026,2024-10-26,20241110,2024-11-10,6707.21,USD,6707.21,Paid,False,15
INV200369,9,V0009,8,61300,PO100284,20241126,2024-11-26,20241211,2024-12-11,1670.85,USD,1670.85,Paid,False,15
INV200370,9,V0009,6,61100,PO100284,20241217,2024-12-17,20250101,2025-01-01,2783.18,USD,2783.18,Paid,False,15
INV200371,9,V0009,9,61400,PO100285,20260409,2026-04-09,20260424,2026-04-24,5026.38,USD,5026.38,Paid,False,15
INV200372,9,V0009,6,61100,PO100286,20251223,2025-12-23,20260107,2026-01-07,8347.08,USD,8347.08,Paid,False,15
INV200373,9,V0009,6,61100,PO100286,20260114,2026-01-14,20260129,2026-01-29,9391.31,USD,9391.31,Paid,False,15
INV200374,12,V0012,12,62300,PO100287,20241118,2024-11-18,20241218,2024-12-18,664.51,USD,664.51,Paid,False,30
INV200375,47,V0047,15,63200,PO100288,20251019,2025-10-19,20251118,2025-11-18,759.44,USD,759.44,Paid,False,30
INV200376,47,V0047,20,65100,PO100288,20251106,2025-11-06,20251206,2025-12-06,359.84,USD,359.84,Unpaid,False,30
INV200377,42,V0042,18,64200,PO100289,20250206,2025-02-06,20250323,2025-03-23,8841.21,USD,8841.21,Paid,False,45
INV200378,25,V0025,7,61200,PO100290,20251224,2025-12-24,20260123,2026-01-23,1284.90,GBP,1631.82,Paid,False,30
INV200379,25,V0025,9,61400,PO100290,20260115,2026-01-15,20260214,2026-02-14,4751.06,GBP,6033.85,Paid,False,30
INV200380,32,V0032,6,61100,PO100291,20250113,2025-01-13,20250227,2025-02-27,2755.27,USD,2755.27,Paid,False,45
INV200381,41,V0041,3,60120,PO100292,20251202,2025-12-02,20260101,2026-01-01,5834.92,USD,5834.92,Paid,False,30
INV200382,18,V0018,12,62300,PO100293,20250429,2025-04-29,20250529,2025-05-29,312.94,USD,312.94,Paid,False,30
INV200383,18,V0018,12,62300,PO100293,20250510,2025-05-10,20250609,2025-06-09,528.66,USD,528.66,Paid,False,30
INV200384,18,V0018,13,62400,PO100293,20250716,2025-07-16,20250815,2025-08-15,721.42,USD,721.42,Paid,False,30
INV200385,27,V0027,7,61200,PO100294,20241229,2024-12-29,20250128,2025-01-28,4500.68,USD,4500.68,Paid,False,30
INV200386,18,V0018,11,62200,PO100295,20250121,2025-01-21,20250220,2025-02-20,597.39,USD,597.39,Paid,False,30
INV200387,18,V0018,11,62200,PO100295,20250129,2025-01-29,20250228,2025-02-28,502.33,USD,502.33,Paid,False,30
INV200388,18,V0018,13,62400,PO100295,20250414,2025-04-14,20250514,2025-05-14,834.37,USD,834.37,Paid,False,30
INV200389,9,V0009,6,61100,PO100296,20250202,2025-02-02,20250217,2025-02-17,1153.96,USD,1153.96,Paid,False,15
INV200390,9,V0009,9,61400,PO100296,20250304,2025-03-04,20250319,2025-03-19,3305.78,USD,3305.78,Paid,False,15
INV200391,31,V0031,4,60200,PO100298,20250430,2025-04-30,20250530,2025-05-30,25005.28,USD,25005.28,Unpaid,False,30
INV200392,46,V0046,12,62300,PO100300,20250727,2025-07-27,20250925,2025-09-25,3391.58,USD,3391.58,Paid,False,60
INV200393,17,V0017,9,61400,PO100302,20260124,2026-01-24,20260310,2026-03-10,3147.33,USD,3147.33,Paid,False,45
INV200394,9,V0009,9,61400,PO100303,20250516,2025-05-16,20250531,2025-05-31,10083.30,USD,10083.30,Paid,False,15
INV200395,47,V0047,15,63200,PO100306,20260726,2026-07-26,20260825,2026-08-25,3535.82,USD,3535.82,Unpaid,False,30
INV200396,26,V0026,18,64200,PO100307,20250220,2025-02-20,20250406,2025-04-06,16918.12,USD,16918.12,Paid,False,45
INV200397,21,V0021,17,64100,PO100308,20241020,2024-10-20,20241219,2024-12-19,12839.77,USD,12839.77,Paid,False,60
INV200398,41,V0041,2,60110,PO100310,20260326,2026-03-26,20260425,2026-04-25,40907.60,USD,40907.60,Paid,False,30
INV200399,9,V0009,6,61100,PO100312,20260202,2026-02-02,20260217,2026-02-17,13210.67,USD,13210.67,Paid,False,15
INV200400,27,V0027,7,61200,PO100314,20260215,2026-02-15,20260317,2026-03-17,1734.68,USD,1734.68,Paid,False,30
INV200401,27,V0027,9,61400,PO100314,20260223,2026-02-23,20260325,2026-03-25,592.39,USD,592.39,Paid,False,30
INV200402,27,V0027,7,61200,PO100314,20260408,2026-04-08,20260508,2026-05-08,1928.43,USD,1928.43,Paid,False,30
INV200403,48,V0048,1,60100,PO100315,20260329,2026-03-29,20260513,2026-05-13,13419.20,USD,13419.20,Paid,False,45
INV200404,48,V0048,2,60110,PO100315,20260426,2026-04-26,20260610,2026-06-10,8025.70,USD,8025.70,Unpaid,False,45
INV200405,48,V0048,1,60100,PO100315,20260420,2026-04-20,20260604,2026-06-04,43840.24,USD,43840.24,Unpaid,False,45
INV200406,59,V0024,8,61300,PO100316,20260808,2026-08-08,20260922,2026-09-22,26808.96,USD,26808.96,Unpaid,False,45
INV200407,12,V0012,12,62300,PO100317,20250904,2025-09-04,20251004,2025-10-04,688.56,USD,688.56,Paid,False,30
INV200408,17,V0017,7,61200,PO100318,20260305,2026-03-05,20260419,2026-04-19,3749.43,USD,3749.43,Paid,False,45
INV200409,49,V0049,9,61400,PO100319,20260222,2026-02-22,20260324,2026-03-24,8366.77,USD,8366.77,Paid,False,30
INV200410,49,V0049,7,61200,PO100320,20241107,2024-11-07,20241207,2024-12-07,2176.92,USD,2176.92,Unpaid,False,30
INV200411,9,V0009,9,61400,PO100321,20250426,2025-04-26,20250511,2025-05-11,3777.82,USD,3777.82,Paid,False,15
INV200412,12,V0012,10,62100,PO100322,20241103,2024-11-03,20241203,2024-12-03,798.36,USD,798.36,Paid,False,30
INV200413,12,V0012,13,62400,PO100322,20241124,2024-11-24,20241224,2024-12-24,419.20,USD,419.20,Paid,False,30
INV200414,60,V0001,4,60200,PO100326,20250925,2025-09-25,20251109,2025-11-09,31198.28,USD,31198.28,Paid,False,45
INV200415,60,V0001,3,60120,PO100326,20251009,2025-10-09,20251123,2025-11-23,592.64,USD,592.64,Paid,False,45
INV200416,60,V0001,2,60110,PO100326,20251019,2025-10-19,20251203,2025-12-03,28054.03,USD,28054.03,Paid,False,45
INV200417,40,V0040,12,62300,PO100327,20251221,2025-12-21,20260120,2026-01-20,975.14,USD,975.14,Paid,False,30
INV200418,40,V0040,12,62300,PO100327,20260129,2026-01-29,20260228,2026-02-28,643.28,USD,643.28,Paid,False,30
INV200419,17,V0017,9,61400,PO100328,20260416,2026-04-16,20260531,2026-05-31,2048.17,USD,2048.17,Paid,False,45
INV200420,17,V0017,6,61100,PO100329,20250524,2025-05-24,20250708,2025-07-08,6403.58,USD,6403.58,Paid,False,45
INV200421,17,V0017,6,61100,PO100329,20250518,2025-05-18,20250702,2025-07-02,6160.61,USD,6160.61,Paid,False,45
INV200422,32,V0032,9,61400,PO100330,20251021,2025-10-21,20251205,2025-12-05,3464.88,USD,3464.88,Paid,False,45
INV200423,32,V0032,6,61100,PO100330,20251203,2025-12-03,20260117,2026-01-17,1062.54,USD,1062.54,Paid,False,45
INV200424,34,V0034,14,63100,PO100331,20250315,2025-03-15,20250330,2025-03-30,679.71,EUR,734.09,Paid,False,15
INV200425,32,V0032,8,61300,PO100332,20260519,2026-05-19,20260703,2026-07-03,3885.21,USD,3885.21,Paid,False,45
INV200426,17,V0017,9,61400,PO100333,20241006,2024-10-06,20241120,2024-11-20,2498.71,USD,2498.71,Paid,False,45
INV200427,17,V0017,8,61300,PO100333,20241113,2024-11-13,20241228,2024-12-28,6421.50,USD,6421.50,Paid,False,45
INV200428,23,V0023,3,60120,PO100334,20260514,2026-05-14,20260628,2026-06-28,5228.15,USD,5228.15,Unpaid,False,45
INV200429,23,V0023,1,60100,PO100334,20260615,2026-06-15,20260730,2026-07-30,6381.68,USD,6381.68,Unpaid,False,45
INV200430,29,V0029,17,64100,PO100336,20250102,2025-01-02,20250303,2025-03-03,3157.36,USD,3157.36,Paid,False,60
INV200431,29,V0029,16,63300,PO100336,20250121,2025-01-21,20250322,2025-03-22,1165.36,USD,1165.36,Paid,False,60
INV200432,29,V0029,8,61300,PO100336,20250228,2025-02-28,20250429,2025-04-29,3207.90,USD,3207.90,Paid,False,60
INV200433,1,V0001,2,60110,PO100337,20250228,2025-02-28,20250330,2025-03-30,14984.03,USD,14984.03,Paid,False,30
INV200434,1,V0001,4,60200,PO100337,20250316,2025-03-16,20250415,2025-04-15,11483.73,USD,11483.73,Paid,False,30
INV200435,30,V0030,17,64100,PO100338,20260614,2026-06-14,20260714,2026-07-14,17011.67,USD,17011.67,Paid,False,30
INV200436,30,V0030,17,64100,PO100338,20260718,2026-07-18,20260817,2026-08-17,47597.23,USD,47597.23,Unpaid,False,30
INV200437,4,V0004,1,60100,PO100339,20250211,2025-02-11,20250313,2025-03-13,12501.33,GBP,15876.69,Paid,False,30
INV200438,17,V0017,6,61100,PO100340,20250828,2025-08-28,20251012,2025-10-12,5385.63,USD,5385.63,Paid,False,45
INV200439,48,V0048,1,60100,PO100341,20250414,2025-04-14,20250529,2025-05-29,16882.59,USD,16882.59,Paid,False,45
INV200440,48,V0048,4,60200,PO100341,20250507,2025-05-07,20250621,2025-06-21,5333.64,USD,5333.64,Paid,False,45
INV200441,48,V0048,4,60200,PO100341,20250616,2025-06-16,20250731,2025-07-31,7469.49,USD,7469.49,Paid,False,45
INV200442,9,V0009,6,61100,PO100342,20250824,2025-08-24,20250908,2025-09-08,1880.38,USD,1880.38,Paid,False,15
INV200443,9,V0009,7,61200,PO100342,20251006,2025-10-06,20251021,2025-10-21,331.61,USD,331.61,Paid,False,15
INV200444,9,V0009,7,61200,PO100342,20251102,2025-11-02,20251117,2025-11-17,1455.13,USD,1455.13,Paid,False,15
INV200445,35,V0035,7,61200,PO100343,20260807,2026-08-07,20260906,2026-09-06,10005.14,GBP,12706.53,Unpaid,False,30
INV200446,27,V0027,9,61400,PO100344,20260325,2026-03-25,20260424,2026-04-24,26279.06,USD,26279.06,Paid,False,30
INV200447,1,V0001,2,60110,PO100345,20250323,2025-03-23,20250422,2025-04-22,40441.47,USD,40441.47,Paid,False,30
INV200448,32,V0032,6,61100,PO100346,20241127,2024-11-27,20250111,2025-01-11,4247.84,USD,4247.84,Paid,False,45
INV200449,62,V0002,12,62300,PO100347,20260129,2026-01-29,20260228,2026-02-28,127.61,USD,127.61,Paid,False,30
INV200450,62,V0002,11,62200,PO100347,20260223,2026-02-23,20260325,2026-03-25,65.75,USD,65.75,Paid,False,30
INV200451,62,V0002,11,62200,PO100347,20260328,2026-03-28,20260427,2026-04-27,439.49,USD,439.49,Paid,False,30
INV200452,48,V0048,2,60110,PO100348,20251214,2025-12-14,20260128,2026-01-28,99497.59,USD,99497.59,Paid,False,45
INV200453,27,V0027,7,61200,PO100349,20251015,2025-10-15,20251114,2025-11-14,592.67,USD,592.67,Unpaid,False,30
INV200454,27,V0027,8,61300,PO100349,20251102,2025-11-02,20251202,2025-12-02,1629.76,USD,1629.76,Paid,False,30
INV200455,21,V0021,8,61300,PO100350,20260103,2026-01-03,20260304,2026-03-04,17237.27,USD,17237.27,Paid,False,60
INV200456,34,V0034,20,65100,PO100351,20260410,2026-04-10,20260425,2026-04-25,174.88,EUR,188.87,Paid,False,15
INV200457,34,V0034,20,65100,PO100351,20260420,2026-04-20,20260505,2026-05-05,135.83,EUR,146.70,Paid,False,15
INV200458,16,V0016,17,64100,PO100352,20250714,2025-07-14,20250813,2025-08-13,4152.11,USD,4152.11,Paid,False,30
INV200459,16,V0016,18,64200,PO100352,20250827,2025-08-27,20250926,2025-09-26,7908.95,USD,7908.95,Paid,False,30
INV200460,24,V0024,19,64300,PO100353,20250523,2025-05-23,20250607,2025-06-07,17637.11,USD,17637.11,Paid,False,15
INV200461,4,V0004,3,60120,PO100354,20260612,2026-06-12,20260712,2026-07-12,6835.90,GBP,8681.59,Unpaid,False,30
INV200462,4,V0004,2,60110,PO100354,20260617,2026-06-17,20260717,2026-07-17,14570.17,GBP,18504.12,Unpaid,False,30
INV200463,18,V0018,13,62400,PO100355,20251126,2025-11-26,20251226,2025-12-26,2013.71,USD,2013.71,Paid,False,30
INV200464,31,V0031,2,60110,PO100356,20250120,2025-01-20,20250219,2025-02-19,48985.41,USD,48985.41,Paid,False,30
INV200465,29,V0029,18,64200,PO100357,20251017,2025-10-17,20251216,2025-12-16,21052.09,USD,21052.09,Paid,False,60
INV200466,25,V0025,9,61400,PO100358,20250328,2025-03-28,20250427,2025-04-27,1708.81,GBP,2170.19,Unpaid,False,30
INV200467,25,V0025,7,61200,PO100358,20250411,2025-04-11,20250511,2025-05-11,1875.36,GBP,2381.71,Paid,False,30
INV200468,38,V0038,6,61100,PO100359,20250102,2025-01-02,20250216,2025-02-16,3582.23,USD,3582.23,Paid,False,45
INV200469,9,V0009,6,61100,PO100360,20260129,2026-01-29,20260213,2026-02-13,5588.76,USD,5588.76,Paid,False,15
INV200470,9,V0009,8,61300,PO100360,20260310,2026-03-10,20260325,2026-03-25,1479.54,USD,1479.54,Paid,False,15
INV200471,9,V0009,8,61300,PO100361,20250424,2025-04-24,20250509,2025-05-09,755.78,USD,755.78,Paid,False,15
INV200472,9,V0009,9,61400,PO100361,20250531,2025-05-31,20250615,2025-06-15,1928.35,USD,1928.35,Unpaid,False,15
INV200473,30,V0030,19,64300,PO100362,20250208,2025-02-08,20250310,2025-03-10,14183.64,USD,14183.64,Paid,False,30
INV200474,48,V0048,1,60100,PO100363,20250505,2025-05-05,20250619,2025-06-19,8092.39,USD,8092.39,Paid,False,45
INV200475,48,V0048,2,60110,PO100363,20250609,2025-06-09,20250724,2025-07-24,6923.57,USD,6923.57,Paid,False,45
INV200476,22,V0022,8,61300,PO100365,20250119,2025-01-19,20250218,2025-02-18,7134.65,USD,7134.65,Paid,False,30
INV200477,17,V0017,7,61200,PO100366,20250729,2025-07-29,20250912,2025-09-12,1670.25,USD,1670.25,Paid,False,45
INV200478,17,V0017,7,61200,PO100366,20250821,2025-08-21,20251005,2025-10-05,258.68,USD,258.68,Paid,False,45
INV200479,17,V0017,6,61100,PO100366,20250930,2025-09-30,20251114,2025-11-14,1342.98,USD,1342.98,Paid,False,45
INV200480,17,V0017,7,61200,PO100367,20260725,2026-07-25,20260908,2026-09-08,3946.39,USD,3946.39,Unpaid,False,45
INV200481,17,V0017,8,61300,PO100367,20260726,2026-07-26,20260909,2026-09-09,1685.06,USD,1685.06,Unpaid,False,45
INV200482,25,V0025,7,61200,PO100368,20250914,2025-09-14,20251014,2025-10-14,4198.69,GBP,5332.34,Paid,False,30
INV200483,25,V0025,7,61200,PO100368,20251023,2025-10-23,20251122,2025-11-22,3500.99,GBP,4446.26,Paid,False,30
INV200484,25,V0025,9,61400,PO100368,20251121,2025-11-21,20251221,2025-12-21,6289.25,GBP,7987.35,Paid,False,30
INV200485,31,V0031,4,60200,PO100370,20241109,2024-11-09,20241209,2024-12-09,6351.70,USD,6351.70,Paid,False,30
INV200486,31,V0031,4,60200,PO100370,20241210,2024-12-10,20250109,2025-01-09,17378.60,USD,17378.60,Paid,False,30
INV200487,31,V0031,1,60100,PO100370,20250131,2025-01-31,20250302,2025-03-02,7401.48,USD,7401.48,Paid,False,30
INV200488,60,V0001,4,60200,PO100371,20260131,2026-01-31,20260317,2026-03-17,43804.32,USD,43804.32,Paid,False,45
INV200489,38,V0038,6,61100,PO100372,20251203,2025-12-03,20260117,2026-01-17,534.67,USD,534.67,Paid,False,45
INV200490,38,V0038,8,61300,PO100372,20251201,2025-12-01,20260115,2026-01-15,154.10,USD,154.10,Paid,False,45
INV200491,38,V0038,8,61300,PO100372,20260125,2026-01-25,20260311,2026-03-11,1854.77,USD,1854.77,Paid,False,45
INV200492,23,V0023,4,60200,PO100373,20250209,2025-02-09,20250326,2025-03-26,39195.42,USD,39195.42,Paid,False,45
INV200493,12,V0012,13,62400,PO100374,20260214,2026-02-14,20260316,2026-03-16,2180.16,USD,2180.16,Paid,False,30
INV200494,38,V0038,9,61400,PO100375,20260117,2026-01-17,20260303,2026-03-03,7007.23,USD,7007.23,Paid,False,45
INV200495,35,V0035,8,61300,PO100376,20260213,2026-02-13,20260315,2026-03-15,2335.37,GBP,2965.92,Paid,False,30
INV200496,35,V0035,9,61400,PO100376,20260312,2026-03-12,20260411,2026-04-11,623.33,GBP,791.63,Unpaid,False,30
INV200497,27,V0027,9,61400,PO100377,20250125,2025-01-25,20250224,2025-02-24,22365.25,USD,22365.25,Paid,False,30
INV200498,27,V0027,7,61200,PO100377,20250228,2025-02-28,20250330,2025-03-30,10794.89,USD,10794.89,Unpaid,False,30
INV200499,60,V0001,3,60120,PO100378,20251018,2025-10-18,20251202,2025-12-02,59918.18,USD,59918.18,Paid,False,45
INV200500,60,V0001,4,60200,PO100378,20251111,2025-11-11,20251226,2025-12-26,30905.95,USD,30905.95,Paid,False,45
INV200501,18,V0018,13,62400,PO100379,20251108,2025-11-08,20251208,2025-12-08,2355.03,USD,2355.03,Paid,False,30
INV200502,48,V0048,1,60100,PO100380,20260302,2026-03-02,20260416,2026-04-16,109992.41,USD,109992.41,Paid,False,45
INV200503,4,V0004,3,60120,PO100382,20251102,2025-11-02,20251202,2025-12-02,3292.97,GBP,4182.07,Paid,False,30
INV200504,4,V0004,1,60100,PO100382,20251201,2025-12-01,20251231,2025-12-31,3313.21,GBP,4207.78,Paid,False,30
INV200505,2,V0002,12,62300,PO100383,20250922,2025-09-22,20251106,2025-11-06,9913.00,USD,9913.00,Paid,False,45
INV200506,2,V0002,12,62300,PO100384,20250129,2025-01-29,20250315,2025-03-15,673.48,USD,673.48,Paid,False,45
INV200507,1,V0001,1,60100,PO100385,20250904,2025-09-04,20251004,2025-10-04,6687.30,USD,6687.30,Paid,False,30
INV200508,60,V0001,4,60200,PO100385,20250917,2025-09-17,20251101,2025-11-01,4459.61,USD,4459.61,Paid,False,45
INV200509,9,V0009,8,61300,PO100386,20250923,2025-09-23,20251008,2025-10-08,2616.39,USD,2616.39,Paid,False,15
INV200510,42,V0042,8,61300,PO100387,20251001,2025-10-01,20251115,2025-11-15,37278.99,USD,37278.99,Paid,False,45
INV200511,50,V0050,3,60120,PO100388,20260207,2026-02-07,20260309,2026-03-09,39163.63,USD,39163.63,Paid,False,30
INV200512,7,V0007,9,61400,PO100389,20260122,2026-01-22,20260308,2026-03-08,10660.76,USD,10660.76,Paid,False,45
INV200513,5,V0005,12,62300,PO100390,20250201,2025-02-01,20250216,2025-02-16,813.72,USD,813.72,Paid,False,15
INV200514,2,V0002,12,62300,PO100391,20250730,2025-07-30,20250913,2025-09-13,3366.82,USD,3366.82,Paid,False,45
INV200515,45,V0045,8,61300,PO100392,20250126,2025-01-26,20250312,2025-03-12,2996.96,USD,2996.96,Paid,False,45
INV200516,45,V0045,9,61400,PO100392,20250321,2025-03-21,20250505,2025-05-05,5006.29,USD,5006.29,Paid,False,45
INV200517,31,V0031,3,60120,PO100393,20250414,2025-04-14,20250514,2025-05-14,7013.59,USD,7013.59,Paid,False,30
INV200518,7,V0007,7,61200,PO100394,20260807,2026-08-07,20260921,2026-09-21,2448.46,USD,2448.46,Paid,False,45
INV200519,47,V0047,20,65100,PO100395,20241228,2024-12-28,20250127,2025-01-27,457.19,USD,457.19,Paid,False,30
INV200520,47,V0047,14,63100,PO100396,20251129,2025-11-29,20251229,2025-12-29,533.15,USD,533.15,Paid,False,30
INV200521,4,V0004,2,60110,PO100397,20260329,2026-03-29,20260428,2026-04-28,113609.56,GBP,144284.14,Paid,False,30
INV200522,42,V0042,17,64100,PO100398,20250924,2025-09-24,20251108,2025-11-08,97848.78,USD,97848.78,Paid,False,45
INV200523,30,V0030,17,64100,PO100399,20250726,2025-07-26,20250825,2025-08-25,18505.47,USD,18505.47,Paid,False,30
INV200524,30,V0030,8,61300,PO100399,20250812,2025-08-12,20250911,2025-09-11,20946.04,USD,20946.04,Paid,False,30
INV200525,29,V0029,17,64100,PO100400,20250115,2025-01-15,20250316,2025-03-16,5492.65,USD,5492.65,Paid,False,60
INV200526,29,V0029,17,64100,PO100400,20250120,2025-01-20,20250321,2025-03-21,7261.94,USD,7261.94,Paid,False,60
INV200527,17,V0017,8,61300,PO100401,20250618,2025-06-18,20250802,2025-08-02,7086.31,USD,7086.31,Paid,False,45
INV200528,17,V0017,8,61300,PO100401,20250725,2025-07-25,20250908,2025-09-08,3758.77,USD,3758.77,Paid,False,45
INV200529,17,V0017,6,61100,PO100401,20250722,2025-07-22,20250905,2025-09-05,3896.02,USD,3896.02,Paid,False,45
INV200530,2,V0002,10,62100,PO100402,20251007,2025-10-07,20251121,2025-11-21,4298.27,USD,4298.27,Paid,False,45
INV200531,22,V0022,7,61200,PO100403,20260514,2026-05-14,20260613,2026-06-13,2524.64,USD,2524.64,Unpaid,False,30
INV200532,30,V0030,19,64300,PO100404,20250528,2025-05-28,20250627,2025-06-27,6266.29,USD,6266.29,Paid,False,30
INV200533,28,V0028,19,64300,PO100405,20250903,2025-09-03,20251102,2025-11-02,28000.84,USD,28000.84,Paid,False,60
INV200534,42,V0042,16,63300,PO100406,20250923,2025-09-23,20251107,2025-11-07,33922.16,USD,33922.16,Paid,False,45
INV200535,60,V0001,2,60110,PO100407,20251212,2025-12-12,20260126,2026-01-26,23644.83,USD,23644.83,Paid,False,45
INV200536,60,V0001,4,60200,PO100407,20260116,2026-01-16,20260302,2026-03-02,6201.80,USD,6201.80,Paid,False,45
INV200537,48,V0048,4,60200,PO100408,20250903,2025-09-03,20251018,2025-10-18,63181.03,USD,63181.03,Paid,False,45
INV200538,31,V0031,1,60100,PO100409,20260324,2026-03-24,20260423,2026-04-23,65397.74,USD,65397.74,Paid,False,30
INV200539,29,V0029,17,64100,PO100410,20250627,2025-06-27,20250826,2025-08-26,10097.41,USD,10097.41,Paid,False,60
INV200540,32,V0032,7,61200,PO100411,20241012,2024-10-12,20241126,2024-11-26,5576.20,USD,5576.20,Paid,False,45
INV200541,9,V0009,7,61200,PO100412,20241024,2024-10-24,20241108,2024-11-08,3016.97,USD,3016.97,Paid,False,15
INV200542,9,V0009,8,61300,PO100412,20241113,2024-11-13,20241128,2024-11-28,220.39,USD,220.39,Paid,False,15
INV200543,9,V0009,8,61300,PO100412,20241207,2024-12-07,20241222,2024-12-22,7168.65,USD,7168.65,Paid,False,15
INV200544,21,V0021,8,61300,PO100414,20260509,2026-05-09,20260708,2026-07-08,9782.93,USD,9782.93,Unpaid,False,60
INV200545,21,V0021,8,61300,PO100414,20260604,2026-06-04,20260803,2026-08-03,7319.07,USD,7319.07,Unpaid,False,60
INV200546,23,V0023,3,60120,PO100415,20250208,2025-02-08,20250325,2025-03-25,28797.55,USD,28797.55,Paid,False,45
INV200547,23,V0023,1,60100,PO100415,20250322,2025-03-22,20250506,2025-05-06,3841.39,USD,3841.39,Paid,False,45
INV200548,23,V0023,2,60110,PO100415,20250511,2025-05-11,20250625,2025-06-25,29636.38,USD,29636.38,Paid,False,45
INV200549,41,V0041,1,60100,PO100417,20250516,2025-05-16,20250615,2025-06-15,34101.31,USD,34101.31,Paid,False,30
INV200550,41,V0041,1,60100,PO100417,20250609,2025-06-09,20250709,2025-07-09,36061.98,USD,36061.98,Paid,False,30
INV200551,49,V0049,7,61200,PO100418,20260627,2026-06-27,20260727,2026-07-27,7178.72,USD,7178.72,Unpaid,False,30
INV200552,47,V0047,20,65100,PO100419,20250602,2025-06-02,20250702,2025-07-02,1082.20,USD,1082.20,Paid,False,30
INV200553,9,V0009,6,61100,PO100421,20250813,2025-08-13,20250828,2025-08-28,11757.50,USD,11757.50,Paid,False,15
INV200554,49,V0049,9,61400,PO100422,20250415,2025-04-15,20250515,2025-05-15,3541.44,USD,3541.44,Paid,False,30
INV200555,7,V0007,6,61100,PO100423,20250324,2025-03-24,20250508,2025-05-08,2914.77,USD,2914.77,Paid,False,45
INV200556,28,V0028,16,63300,PO100424,20250816,2025-08-16,20251015,2025-10-15,9111.96,USD,9111.96,Paid,False,60
INV200557,16,V0016,17,64100,PO100425,20250628,2025-06-28,20250728,2025-07-28,14842.53,USD,14842.53,Paid,False,30
INV200558,16,V0016,16,63300,PO100425,20250711,2025-07-11,20250810,2025-08-10,7301.20,USD,7301.20,Paid,False,30
INV200559,16,V0016,18,64200,PO100425,20250809,2025-08-09,20250908,2025-09-08,25197.39,USD,25197.39,Paid,False,30
INV200560,47,V0047,14,63100,PO100426,20260405,2026-04-05,20260505,2026-05-05,827.80,USD,827.80,Paid,False,30
INV200561,42,V0042,18,64200,PO100427,20241120,2024-11-20,20250104,2025-01-04,37390.66,USD,37390.66,Paid,False,45
INV200562,27,V0027,8,61300,PO100428,20250415,2025-04-15,20250515,2025-05-15,2448.66,USD,2448.66,Paid,False,30
INV200563,27,V0027,9,61400,PO100428,20250422,2025-04-22,20250522,2025-05-22,5081.78,USD,5081.78,Paid,False,30
INV200564,50,V0050,4,60200,PO100429,20251012,2025-10-12,20251111,2025-11-11,10772.46,USD,10772.46,Paid,False,30
INV200565,20,V0020,9,61400,PO100431,20250730,2025-07-30,20250814,2025-08-14,24088.59,USD,24088.59,Paid,False,15
INV200566,20,V0020,7,61200,PO100431,20250829,2025-08-29,20250913,2025-09-13,7425.34,USD,7425.34,Paid,False,15
INV200567,20,V0020,6,61100,PO100431,20250906,2025-09-06,20250921,2025-09-21,16573.98,USD,16573.98,Paid,False,15
INV200568,23,V0023,1,60100,PO100432,20250428,2025-04-28,20250612,2025-06-12,6437.58,USD,6437.58,Paid,False,45
INV200569,23,V0023,4,60200,PO100432,20250515,2025-05-15,20250629,2025-06-29,3810.80,USD,3810.80,Paid,False,45
INV200570,23,V0023,2,60110,PO100432,20250525,2025-05-25,20250709,2025-07-09,18741.20,USD,18741.20,Paid,False,45
INV200571,22,V0022,8,61300,PO100433,20250127,2025-01-27,20250226,2025-02-26,1319.60,USD,1319.60,Paid,False,30
INV200572,22,V0022,6,61100,PO100433,20250216,2025-02-16,20250318,2025-03-18,1908.26,USD,1908.26,Unpaid,False,30
INV200573,40,V0040,11,62200,PO100434,20260516,2026-05-16,20260615,2026-06-15,130.12,USD,130.12,Unpaid,False,30
INV200574,40,V0040,13,62400,PO100434,20260611,2026-06-11,20260711,2026-07-11,170.85,USD,170.85,Paid,False,30
INV200575,40,V0040,13,62400,PO100434,20260611,2026-06-11,20260711,2026-07-11,244.08,USD,244.08,Unpaid,False,30
INV200576,50,V0050,4,60200,PO100435,20250108,2025-01-08,20250207,2025-02-07,48069.88,USD,48069.88,Paid,False,30
INV200577,2,V0002,12,62300,PO100436,20251108,2025-11-08,20251223,2025-12-23,1875.55,USD,1875.55,Paid,False,45
INV200578,62,V0002,10,62100,PO100436,20251113,2025-11-13,20251213,2025-12-13,751.49,USD,751.49,Paid,False,30
INV200579,62,V0002,11,62200,PO100436,20251205,2025-12-05,20260104,2026-01-04,1062.10,USD,1062.10,Paid,False,30
INV200580,42,V0042,17,64100,PO100437,20241204,2024-12-04,20250118,2025-01-18,43302.81,USD,43302.81,Paid,False,45
INV200581,21,V0021,17,64100,PO100438,20260501,2026-05-01,20260630,2026-06-30,21249.68,USD,21249.68,Unpaid,False,60
INV200582,21,V0021,8,61300,PO100438,20260605,2026-06-05,20260804,2026-08-04,26725.57,USD,26725.57,Paid,False,60
INV200583,38,V0038,6,61100,PO100439,20260101,2026-01-01,20260215,2026-02-15,3629.78,USD,3629.78,Paid,False,45
INV200584,38,V0038,8,61300,PO100439,20260129,2026-01-29,20260315,2026-03-15,6962.82,USD,6962.82,Paid,False,45
INV200585,40,V0040,13,62400,PO100440,20260715,2026-07-15,20260814,2026-08-14,1014.32,USD,1014.32,Paid,False,30
INV200586,40,V0040,13,62400,PO100440,20260729,2026-07-29,20260828,2026-08-28,475.69,USD,475.69,Unpaid,False,30
INV200587,17,V0017,7,61200,PO100442,20251102,2025-11-02,20251217,2025-12-17,3130.35,USD,3130.35,Paid,False,45
INV200588,17,V0017,6,61100,PO100442,20251201,2025-12-01,20260115,2026-01-15,4932.66,USD,4932.66,Paid,False,45
INV200589,25,V0025,9,61400,PO100443,20241005,2024-10-05,20241104,2024-11-04,1658.07,GBP,2105.75,Paid,False,30
INV200590,25,V0025,7,61200,PO100443,20241122,2024-11-22,20241222,2024-12-22,3112.38,GBP,3952.72,Paid,False,30
INV200591,48,V0048,2,60110,PO100445,20250425,2025-04-25,20250609,2025-06-09,9342.22,USD,9342.22,Paid,False,45
INV200592,48,V0048,4,60200,PO100445,20250617,2025-06-17,20250801,2025-08-01,13420.56,USD,13420.56,Paid,False,45
INV200593,42,V0042,8,61300,PO100446,20260525,2026-05-25,20260709,2026-07-09,60763.98,USD,60763.98,Paid,False,45
INV200594,28,V0028,8,61300,PO100447,20260207,2026-02-07,20260408,2026-04-08,16085.53,USD,16085.53,Paid,False,60
INV200595,28,V0028,8,61300,PO100447,20260308,2026-03-08,20260507,2026-05-07,4434.38,USD,4434.38,Paid,False,60
INV200596,42,V0042,16,63300,PO100448,20260726,2026-07-26,20260909,2026-09-09,34898.90,USD,34898.90,Unpaid,False,45
INV200597,31,V0031,4,60200,PO100449,20250319,2025-03-19,20250418,2025-04-18,28145.48,USD,28145.48,Paid,False,30
INV200598,24,V0024,18,64200,PO100450,20250320,2025-03-20,20250404,2025-04-04,3500.28,USD,3500.28,Paid,False,15
INV200599,24,V0024,18,64200,PO100450,20250323,2025-03-23,20250407,2025-04-07,5982.20,USD,5982.20,Paid,False,15
INV200600,18,V0018,12,62300,PO100451,20250814,2025-08-14,20250913,2025-09-13,1073.31,USD,1073.31,Paid,False,30
INV200601,18,V0018,10,62100,PO100451,20250910,2025-09-10,20251010,2025-10-10,418.96,USD,418.96,Paid,False,30
INV200602,18,V0018,13,62400,PO100451,20251015,2025-10-15,20251114,2025-11-14,2296.92,USD,2296.92,Paid,False,30
INV200603,34,V0034,15,63200,PO100454,20250730,2025-07-30,20250814,2025-08-14,565.76,EUR,611.02,Paid,False,15
INV200604,48,V0048,3,60120,PO100455,20251208,2025-12-08,20260122,2026-01-22,17278.07,USD,17278.07,Paid,False,45
INV200605,32,V0032,9,61400,PO100457,20250718,2025-07-18,20250901,2025-09-01,2130.00,USD,2130.00,Paid,False,45
INV200606,9,V0009,8,61300,PO100458,20250505,2025-05-05,20250520,2025-05-20,2409.48,USD,2409.48,Paid,False,15
INV200607,40,V0040,11,62200,PO100459,20250511,2025-05-11,20250610,2025-06-10,2133.52,USD,2133.52,Paid,False,30
INV200608,62,V0002,13,62400,PO100460,20260728,2026-07-28,20260827,2026-08-27,2872.13,USD,2872.13,Unpaid,False,30
INV200609,9,V0009,9,61400,PO100461,20241214,2024-12-14,20241229,2024-12-29,998.08,USD,998.08,Paid,False,15
INV200610,9,V0009,7,61200,PO100461,20241223,2024-12-23,20250107,2025-01-07,988.34,USD,988.34,Paid,False,15
INV200611,9,V0009,6,61100,PO100461,20250106,2025-01-06,20250121,2025-01-21,2646.09,USD,2646.09,Paid,False,15
INV200612,47,V0047,20,65100,PO100462,20240930,2024-09-30,20241030,2024-10-30,1002.22,USD,1002.22,Paid,False,30
INV200613,17,V0017,7,61200,PO100463,20251212,2025-12-12,20260126,2026-01-26,9162.51,USD,9162.51,Paid,False,45
INV200614,22,V0022,6,61100,PO100464,20251009,2025-10-09,20251108,2025-11-08,28963.95,USD,28963.95,Paid,False,30
INV200615,27,V0027,7,61200,PO100465,20250426,2025-04-26,20250526,2025-05-26,2041.21,USD,2041.21,Paid,False,30
INV200616,27,V0027,6,61100,PO100465,20250606,2025-06-06,20250706,2025-07-06,1060.98,USD,1060.98,Paid,False,30
INV200617,27,V0027,6,61100,PO100465,20250605,2025-06-05,20250705,2025-07-05,5764.46,USD,5764.46,Paid,False,30
INV200618,27,V0027,7,61200,PO100466,20260211,2026-02-11,20260313,2026-03-13,951.76,USD,951.76,Paid,False,30
INV200619,27,V0027,8,61300,PO100466,20260228,2026-02-28,20260330,2026-03-30,3079.11,USD,3079.11,Paid,False,30
INV200620,9,V0009,6,61100,PO100468,20260517,2026-05-17,20260601,2026-06-01,1281.75,USD,1281.75,Paid,False,15
INV200621,9,V0009,6,61100,PO100468,20260615,2026-06-15,20260630,2026-06-30,85.65,USD,85.65,Paid,False,15
INV200622,9,V0009,9,61400,PO100468,20260628,2026-06-28,20260713,2026-07-13,1844.08,USD,1844.08,Unpaid,False,15
INV200623,39,V0039,16,63300,PO100470,20250823,2025-08-23,20251022,2025-10-22,31965.08,CAD,23654.16,Paid,False,60
INV200624,39,V0039,17,64100,PO100470,20250919,2025-09-19,20251118,2025-11-18,665.45,CAD,492.43,Paid,False,60
INV200625,39,V0039,19,64300,PO100470,20250919,2025-09-19,20251118,2025-11-18,36135.28,CAD,26740.11,Paid,False,60
INV200626,32,V0032,7,61200,PO100471,20251103,2025-11-03,20251218,2025-12-18,12023.63,USD,12023.63,Paid,False,45
INV200627,47,V0047,20,65100,PO100472,20251031,2025-10-31,20251130,2025-11-30,705.82,USD,705.82,Paid,False,30
INV200628,24,V0024,17,64100,PO100474,20241125,2024-11-25,20241210,2024-12-10,8928.64,USD,8928.64,Unpaid,False,15
INV200629,24,V0024,16,63300,PO100474,20241201,2024-12-01,20241216,2024-12-16,11316.33,USD,11316.33,Paid,False,15
INV200630,9,V0009,7,61200,PO100475,20250201,2025-02-01,20250216,2025-02-16,2218.70,USD,2218.70,Paid,False,15
INV200631,9,V0009,9,61400,PO100475,20250319,2025-03-19,20250403,2025-04-03,520.76,USD,520.76,Paid,False,15
INV200632,9,V0009,6,61100,PO100475,20250221,2025-02-21,20250308,2025-03-08,1167.32,USD,1167.32,Paid,False,15
INV200633,12,V0012,11,62200,PO100476,20250109,2025-01-09,20250208,2025-02-08,2681.46,USD,2681.46,Paid,False,30
INV200634,28,V0028,16,63300,PO100477,20260710,2026-07-10,20260908,2026-09-08,40631.11,USD,40631.11,Unpaid,False,60
INV200635,9,V0009,7,61200,PO100478,20260203,2026-02-03,20260218,2026-02-18,5945.67,USD,5945.67,Paid,False,15
INV200636,40,V0040,12,62300,PO100479,20250625,2025-06-25,20250725,2025-07-25,350.12,USD,350.12,Unpaid,False,30
INV200637,40,V0040,10,62100,PO100479,20250807,2025-08-07,20250906,2025-09-06,83.54,USD,83.54,Paid,False,30
INV200638,40,V0040,11,62200,PO100479,20250924,2025-09-24,20251024,2025-10-24,646.28,USD,646.28,Paid,False,30
INV200639,17,V0017,9,61400,PO100480,20250217,2025-02-17,20250403,2025-04-03,12856.69,USD,12856.69,Paid,False,45
INV200640,17,V0017,6,61100,PO100480,20250306,2025-03-06,20250420,2025-04-20,11183.31,USD,11183.31,Paid,False,45
INV200641,39,V0039,17,64100,,20260425,2026-04-25,20260624,2026-06-24,13551.00,CAD,10027.74,Paid,True,60
INV200642,48,V0048,3,60120,,20250114,2025-01-14,20250228,2025-02-28,33405.09,USD,33405.09,Paid,True,45
INV200643,14,V0014,13,62400,,20250512,2025-05-12,20250711,2025-07-11,1126.56,USD,1126.56,Paid,True,60
INV200644,12,V0012,13,62400,,20260429,2026-04-29,20260529,2026-05-29,2144.37,USD,2144.37,Paid,True,30
INV200645,1,V0001,3,60120,,20241128,2024-11-28,20241228,2024-12-28,5279.64,USD,5279.64,Paid,True,30
INV200646,22,V0022,9,61400,,20251027,2025-10-27,20251126,2025-11-26,12079.03,USD,12079.03,Paid,True,30
INV200647,6,V0006,8,61300,,20251027,2025-10-27,20251111,2025-11-11,6218.67,USD,6218.67,Paid,True,15
INV200648,3,V0003,2,60110,,20250318,2025-03-18,20250502,2025-05-02,10012.80,USD,10012.80,Paid,True,45
INV200649,34,V0034,15,63200,,20251221,2025-12-21,20260105,2026-01-05,530.52,EUR,572.96,Paid,True,15
INV200650,19,V0019,7,61200,,20260529,2026-05-29,20260728,2026-07-28,9578.25,USD,9578.25,Paid,True,60
INV200651,40,V0040,13,62400,,20250729,2025-07-29,20250828,2025-08-28,620.67,USD,620.67,Paid,True,30
INV200652,63,V0043,8,61300,,20260506,2026-05-06,20260521,2026-05-21,2201.89,USD,2201.89,Unpaid,True,15
INV200653,15,V0015,2,60110,,20250314,2025-03-14,20250413,2025-04-13,9597.92,USD,9597.92,Unpaid,True,30
INV200654,11,V0011,7,61200,,20251218,2025-12-18,20260201,2026-02-01,4786.54,GBP,6078.91,Paid,True,45
INV200655,47,V0047,20,65100,,20251116,2025-11-16,20251216,2025-12-16,943.00,USD,943.00,Paid,True,30
INV200656,17,V0017,8,61300,,20260614,2026-06-14,20260729,2026-07-29,2966.31,USD,2966.31,Paid,True,45
INV200657,12,V0012,13,62400,,20241002,2024-10-02,20241101,2024-11-01,685.51,USD,685.51,Paid,True,30
INV200658,28,V0028,16,63300,,20260131,2026-01-31,20260401,2026-04-01,5448.27,USD,5448.27,Paid,True,60
INV200659,7,V0007,6,61100,PO100074,20251020,2025-10-20,20251204,2025-12-04,3831.27,USD,3831.27,Paid,False,45
INV200660,48,V0048,4,60200,PO100225,20250513,2025-05-13,20250627,2025-06-27,3873.59,USD,3873.59,Paid,False,45
INV200661,48,V0048,3,60120,PO100131,20250526,2025-05-26,20250710,2025-07-10,3074.08,USD,3074.08,Paid,False,45
INV200662,60,V0001,1,60100,PO100105,20260813,2026-08-13,20260927,2026-09-27,7731.38,USD,7731.38,Unpaid,False,45
INV200663,40,V0040,10,62100,PO100196,20250104,2025-01-04,20250203,2025-02-03,1552.99,USD,1552.99,Paid,False,30
INV200664,9,V0009,7,61200,PO100173,20250923,2025-09-23,20251008,2025-10-08,3103.72,USD,3103.72,Paid,False,15
INV200665,35,V0035,8,61300,PO100376,20260214,2026-02-14,20260316,2026-03-16,2335.37,GBP,2965.92,Paid,False,30
INV200666,42,V0042,18,64200,PO100070,20250812,2025-08-12,20250926,2025-09-26,22823.14,USD,22823.14,Paid,False,45
INV200667,16,V0016,18,64200,PO100279,20260603,2026-06-03,20260703,2026-07-03,4914.88,USD,4914.88,Paid,False,30
INV200668,40,V0040,13,62400,PO100045,20260224,2026-02-24,20260326,2026-03-26,1415.49,USD,1415.49,Paid,False,30
INV200669,9,V0009,9,61400,PO100072,20250129,2025-01-29,20250213,2025-02-13,5523.49,USD,5523.49,Paid,False,15
INV200670,18,V0018,10,62100,PO100129,20250823,2025-08-23,20250922,2025-09-22,1471.28,USD,1471.28,Paid,False,30
INV200671,16,V0016,18,64200,PO100204,20250808,2025-08-08,20250907,2025-09-07,23938.61,USD,23938.61,Paid,False,30
INV200672,24,V0024,17,64100,PO100474,20241127,2024-11-27,20241212,2024-12-12,8928.64,USD,8928.64,Paid,False,15
