PO_ID,VENDOR_KEY,VENDOR_ID,PO_DATE_KEY,PO_DATE,GOODS_RECEIPT_DATE_KEY,GOODS_RECEIPT_DATE,PO_AMOUNT,CURRENCY,PO_AMOUNT_USD,PO_STATUS,IS_GOODS_RECEIVED
PO100001,25,V0025,20250323,2025-03-23,20250403,2025-04-03,14677.20,GBP,18640.04,Partially Received,True
PO100002,25,V0025,20260114,2026-01-14,20260224,2026-02-24,5327.57,GBP,6766.01,Cancelled,True
PO100003,21,V0021,20241210,2024-12-10,20250109,2025-01-09,6897.35,USD,6897.35,Partially Received,True
PO100004,42,V0042,20250919,2025-09-19,20251024,2025-10-24,5813.73,USD,5813.73,Closed,True
PO100005,31,V0031,20250328,2025-03-28,20250420,2025-04-20,9953.47,USD,9953.47,Open,True
PO100006,50,V0050,20250528,2025-05-28,20250624,2025-06-24,14076.82,USD,14076.82,Closed,True
PO100007,48,V0048,20241202,2024-12-02,20241211,2024-12-11,11163.50,USD,11163.50,Closed,True
PO100008,42,V0042,20251121,2025-11-21,20251225,2025-12-25,92782.45,USD,92782.45,Partially Received,True
PO100009,31,V0031,20250810,2025-08-10,20250912,2025-09-12,13538.68,USD,13538.68,Closed,True
PO100010,49,V0049,20241025,2024-10-25,,,25246.18,USD,25246.18,Open,False
PO100011,12,V0012,20250310,2025-03-10,20250410,2025-04-10,1913.06,USD,1913.06,Closed,True
PO100012,32,V0032,20260103,2026-01-03,20260206,2026-02-06,6103.43,USD,6103.43,Closed,True
PO100013,35,V0035,20250930,2025-09-30,20251102,2025-11-02,4660.75,GBP,5919.15,Closed,True
PO100014,63,V0043,20251008,2025-10-08,20251112,2025-11-12,20902.92,USD,20902.92,Cancelled,True
PO100015,9,V0009,20250907,2025-09-07,20250916,2025-09-16,2447.64,USD,2447.64,Closed,True
PO100016,38,V0038,20260617,2026-06-17,20260703,2026-07-03,14000.49,USD,14000.49,Closed,True
PO100017,32,V0032,20251209,2025-12-09,20251225,2025-12-25,4713.39,USD,4713.39,Closed,True
PO100018,37,V0037,20251230,2025-12-30,20260119,2026-01-19,562.61,USD,562.61,Closed,True
PO100019,17,V0017,20260315,2026-03-15,20260325,2026-03-25,5616.98,USD,5616.98,Closed,True
PO100020,48,V0048,20250811,2025-08-11,20250914,2025-09-14,49437.69,USD,49437.69,Closed,True
PO100021,4,V0004,20251107,2025-11-07,20251115,2025-11-15,6742.35,GBP,8562.78,Closed,True
PO100022,61,V0008,20260407,2026-04-07,20260412,2026-04-12,530.28,EUR,572.70,Closed,True
PO100023,9,V0009,20250405,2025-04-05,20250519,2025-05-19,11745.01,USD,11745.01,Closed,True
PO100024,38,V0038,20250207,2025-02-07,20250212,2025-02-12,7057.86,USD,7057.86,Closed,True
PO100025,38,V0038,20260617,2026-06-17,20260630,2026-06-30,13623.08,USD,13623.08,Closed,True
PO100026,60,V0001,20251106,2025-11-06,20251124,2025-11-24,18227.19,USD,18227.19,Closed,True
PO100027,25,V0025,20260409,2026-04-09,,,10399.54,GBP,13207.42,Open,False
PO100028,16,V0016,20241107,2024-11-07,,,32089.15,USD,32089.15,Cancelled,False
PO100029,42,V0042,20260125,2026-01-25,20260303,2026-03-03,28458.42,USD,28458.42,Closed,True
PO100030,34,V0034,20250227,2025-02-27,20250401,2025-04-01,546.56,EUR,590.28,Closed,True
PO100031,38,V0038,20251017,2025-10-17,20251113,2025-11-13,17338.61,USD,17338.61,Partially Received,True
PO100032,42,V0042,20260111,2026-01-11,20260204,2026-02-04,25899.21,USD,25899.21,Open,True
PO100033,42,V0042,20260315,2026-03-15,20260425,2026-04-25,81562.10,USD,81562.10,Open,True
PO100034,8,V0008,20250812,2025-08-12,20250821,2025-08-21,384.52,EUR,415.28,Closed,True
PO100035,32,V0032,20250728,2025-07-28,20250820,2025-08-20,2641.79,USD,2641.79,Closed,True
PO100036,35,V0035,20250709,2025-07-09,,,8130.10,GBP,10325.23,Open,False
PO100037,30,V0030,20241203,2024-12-03,,,7205.19,USD,7205.19,Open,False
PO100038,50,V0050,20260409,2026-04-09,20260413,2026-04-13,108912.27,USD,108912.27,Partially Received,True
PO100039,9,V0009,20250701,2025-07-01,20250728,2025-07-28,24591.42,USD,24591.42,Closed,True
PO100040,38,V0038,20251122,2025-11-22,20251125,2025-11-25,2863.22,USD,2863.22,Closed,True
PO100041,37,V0037,20250812,2025-08-12,20250907,2025-09-07,2491.69,USD,2491.69,Open,True
PO100042,40,V0040,20251127,2025-11-27,20260103,2026-01-03,2586.33,USD,2586.33,Closed,True
PO100043,17,V0017,20241014,2024-10-14,20241127,2024-11-27,2219.74,USD,2219.74,Closed,True
PO100044,48,V0048,20260408,2026-04-08,20260503,2026-05-03,5860.06,USD,5860.06,Open,True
PO100045,40,V0040,20260116,2026-01-16,20260201,2026-02-01,1443.03,USD,1443.03,Closed,True
PO100046,17,V0017,20250515,2025-05-15,20250604,2025-06-04,10231.80,USD,10231.80,Partially Received,True
PO100047,36,V0036,20250515,2025-05-15,20250528,2025-05-28,5247.12,EUR,5666.89,Closed,True
PO100048,62,V0002,20260621,2026-06-21,,,4946.22,USD,4946.22,Open,False
PO100049,32,V0032,20250401,2025-04-01,20250416,2025-04-16,16843.38,USD,16843.38,Open,True
PO100050,59,V0024,20260306,2026-03-06,20260320,2026-03-20,11988.67,USD,11988.67,Closed,True
PO100051,14,V0014,20260407,2026-04-07,20260420,2026-04-20,5820.54,USD,5820.54,Partially Received,True
PO100052,40,V0040,20241209,2024-12-09,20250120,2025-01-20,547.97,USD,547.97,Closed,True
PO100053,61,V0008,20251030,2025-10-30,20251210,2025-12-10,412.99,EUR,446.03,Closed,True
PO100054,8,V0008,20251014,2025-10-14,20251122,2025-11-22,553.51,EUR,597.79,Closed,True
PO100055,43,V0043,20241103,2024-11-03,20241111,2024-11-11,30361.26,USD,30361.26,Cancelled,True
PO100056,42,V0042,20241130,2024-11-30,20241228,2024-12-28,37815.64,USD,37815.64,Closed,True
PO100057,9,V0009,20251203,2025-12-03,,,3996.08,USD,3996.08,Cancelled,False
PO100058,63,V0043,20260116,2026-01-16,20260131,2026-01-31,14951.98,USD,14951.98,Open,True
PO100059,16,V0016,20260605,2026-06-05,20260627,2026-06-27,7458.37,USD,7458.37,Closed,True
PO100060,50,V0050,20250821,2025-08-21,20250827,2025-08-27,9721.10,USD,9721.10,Closed,True
PO100061,22,V0022,20250810,2025-08-10,20250911,2025-09-11,5197.09,USD,5197.09,Partially Received,True
PO100062,7,V0007,20241124,2024-11-24,20241208,2024-12-08,13486.52,USD,13486.52,Closed,True
PO100063,23,V0023,20260223,2026-02-23,20260313,2026-03-13,31524.64,USD,31524.64,Open,True
PO100064,9,V0009,20250521,2025-05-21,20250627,2025-06-27,3792.55,USD,3792.55,Open,True
PO100065,59,V0024,20251231,2025-12-31,20260211,2026-02-11,5259.68,USD,5259.68,Closed,True
PO100066,32,V0032,20250113,2025-01-13,20250207,2025-02-07,7809.84,USD,7809.84,Closed,True
PO100067,8,V0008,20250721,2025-07-21,20250809,2025-08-09,902.40,EUR,974.59,Partially Received,True
PO100068,42,V0042,20250308,2025-03-08,20250409,2025-04-09,29489.50,USD,29489.50,Closed,True
PO100069,44,V0044,20260105,2026-01-05,20260125,2026-01-25,14140.84,CAD,10464.22,Open,True
PO100070,42,V0042,20250727,2025-07-27,20250730,2025-07-30,22337.84,USD,22337.84,Cancelled,True
PO100071,21,V0021,20260409,2026-04-09,20260522,2026-05-22,53614.13,USD,53614.13,Partially Received,True
PO100072,9,V0009,20241222,2024-12-22,20250116,2025-01-16,17413.90,USD,17413.90,Partially Received,True
PO100073,9,V0009,20250822,2025-08-22,20250929,2025-09-29,29772.44,USD,29772.44,Closed,True
PO100074,7,V0007,20250908,2025-09-08,20251011,2025-10-11,3917.18,USD,3917.18,Closed,True
PO100075,9,V0009,20250121,2025-01-21,20250124,2025-01-24,7516.15,USD,7516.15,Open,True
PO100076,36,V0036,20250216,2025-02-16,20250305,2025-03-05,10329.96,EUR,11156.36,Open,True
PO100077,9,V0009,20250502,2025-05-02,20250522,2025-05-22,10770.95,USD,10770.95,Closed,True
PO100078,33,V0033,20250711,2025-07-11,20250716,2025-07-16,850.93,USD,850.93,Closed,True
PO100079,31,V0031,20251122,2025-11-22,20260105,2026-01-05,112482.74,USD,112482.74,Closed,True
PO100080,17,V0017,20250327,2025-03-27,20250408,2025-04-08,3108.55,USD,3108.55,Closed,True
PO100081,21,V0021,20250515,2025-05-15,20250601,2025-06-01,29598.54,USD,29598.54,Closed,True
PO100082,2,V0002,20250125,2025-01-25,20250306,2025-03-06,3599.16,USD,3599.16,Closed,True
PO100083,42,V0042,20250528,2025-05-28,20250704,2025-07-04,6096.77,USD,6096.77,Partially Received,True
PO100084,40,V0040,20251115,2025-11-15,,,1369.36,USD,1369.36,Open,False
PO100085,39,V0039,20250331,2025-03-31,,,8495.04,CAD,6286.33,Open,False
PO100086,42,V0042,20250725,2025-07-25,20250814,2025-08-14,15462.49,USD,15462.49,Closed,True
PO100087,17,V0017,20250613,2025-06-13,20250617,2025-06-17,2884.77,USD,2884.77,Closed,True
PO100088,42,V0042,20240928,2024-09-28,20241024,2024-10-24,18109.80,USD,18109.80,Closed,True
PO100089,42,V0042,20241114,2024-11-14,20241213,2024-12-13,5996.19,USD,5996.19,Closed,True
PO100090,4,V0004,20241227,2024-12-27,20250110,2025-01-10,62078.83,GBP,78840.11,Partially Received,True
PO100091,32,V0032,20251115,2025-11-15,20251130,2025-11-30,6023.51,USD,6023.51,Closed,True
PO100092,42,V0042,20241202,2024-12-02,20241228,2024-12-28,6792.83,USD,6792.83,Cancelled,True
PO100093,61,V0008,20251102,2025-11-02,20251216,2025-12-16,522.01,EUR,563.77,Closed,True
PO100094,49,V0049,20260116,2026-01-16,20260124,2026-01-24,3033.22,USD,3033.22,Closed,True
PO100095,4,V0004,20250828,2025-08-28,20250921,2025-09-21,7893.71,GBP,10025.01,Closed,True
PO100096,32,V0032,20260604,2026-06-04,20260719,2026-07-19,6802.49,USD,6802.49,Open,True
PO100097,28,V0028,20260222,2026-02-22,20260226,2026-02-26,19490.34,USD,19490.34,Partially Received,True
PO100098,43,V0043,20250218,2025-02-18,20250304,2025-03-04,4080.90,USD,4080.90,Partially Received,True
PO100099,40,V0040,20260417,2026-04-17,20260531,2026-05-31,3809.40,USD,3809.40,Closed,True
PO100100,42,V0042,20260507,2026-05-07,20260521,2026-05-21,31552.24,USD,31552.24,Closed,True
PO100101,45,V0045,20250509,2025-05-09,20250527,2025-05-27,20257.55,USD,20257.55,Partially Received,True
PO100102,18,V0018,20251230,2025-12-30,20260130,2026-01-30,11904.09,USD,11904.09,Closed,True
PO100103,35,V0035,20241214,2024-12-14,20250128,2025-01-28,13149.90,GBP,16700.37,Open,True
PO100104,38,V0038,20250909,2025-09-09,20251004,2025-10-04,7200.47,USD,7200.47,Closed,True
PO100105,60,V0001,20260619,2026-06-19,20260731,2026-07-31,7751.37,USD,7751.37,Closed,True
PO100106,48,V0048,20251122,2025-11-22,20251207,2025-12-07,29353.03,USD,29353.03,Closed,True
PO100107,50,V0050,20250912,2025-09-12,20251014,2025-10-14,14992.94,USD,14992.94,Closed,True
PO100108,32,V0032,20251206,2025-12-06,20260104,2026-01-04,28690.86,USD,28690.86,Closed,True
PO100109,42,V0042,20241021,2024-10-21,20241204,2024-12-04,6885.33,USD,6885.33,Closed,True
PO100110,22,V0022,20260611,2026-06-11,20260717,2026-07-17,12917.47,USD,12917.47,Closed,True
PO100111,46,V0046,20241221,2024-12-21,20241229,2024-12-29,1122.64,USD,1122.64,Partially Received,True
PO100112,20,V0020,20260226,2026-02-26,20260327,2026-03-27,21732.50,USD,21732.50,Closed,True
PO100113,48,V0048,20251227,2025-12-27,20260106,2026-01-06,14072.56,USD,14072.56,Closed,True
PO100114,29,V0029,20250815,2025-08-15,20250910,2025-09-10,28063.93,USD,28063.93,Partially Received,True
PO100115,31,V0031,20250713,2025-07-13,20250814,2025-08-14,41671.97,USD,41671.97,Closed,True
PO100116,3,V0003,20260215,2026-02-15,20260310,2026-03-10,14336.05,USD,14336.05,Closed,True
PO100117,12,V0012,20260616,2026-06-16,20260729,2026-07-29,3964.95,USD,3964.95,Closed,True
PO100118,9,V0009,20250522,2025-05-22,,,14890.55,USD,14890.55,Open,False
PO100119,60,V0001,20251207,2025-12-07,20251225,2025-12-25,89764.02,USD,89764.02,Closed,True
PO100120,33,V0033,20260310,2026-03-10,,,228.27,USD,228.27,Open,False
PO100121,23,V0023,20250621,2025-06-21,20250726,2025-07-26,6750.35,USD,6750.35,Partially Received,True
PO100122,34,V0034,20250727,2025-07-27,20250906,2025-09-06,1623.95,EUR,1753.87,Closed,True
PO100123,9,V0009,20250806,2025-08-06,20250914,2025-09-14,5693.57,USD,5693.57,Closed,True
PO100124,59,V0024,20251005,2025-10-05,20251022,2025-10-22,11161.51,USD,11161.51,Closed,True
PO100125,25,V0025,20251026,2025-10-26,20251204,2025-12-04,5269.39,GBP,6692.13,Partially Received,True
PO100126,17,V0017,20250128,2025-01-28,20250206,2025-02-06,6339.35,USD,6339.35,Closed,True
PO100127,21,V0021,20250521,2025-05-21,20250618,2025-06-18,38971.69,USD,38971.69,Closed,True
PO100128,21,V0021,20260227,2026-02-27,20260306,2026-03-06,23099.36,USD,23099.36,Partially Received,True
PO100129,18,V0018,20250714,2025-07-14,20250821,2025-08-21,1504.99,USD,1504.99,Closed,True
PO100130,48,V0048,20260420,2026-04-20,20260528,2026-05-28,44857.25,USD,44857.25,Closed,True
PO100131,48,V0048,20250425,2025-04-25,20250506,2025-05-06,5923.99,USD,5923.99,Closed,True
PO100132,18,V0018,20260601,2026-06-01,20260611,2026-06-11,2557.76,USD,2557.76,Closed,True
PO100133,62,V0002,20260602,2026-06-02,,,2501.01,USD,2501.01,Open,False
PO100134,31,V0031,20250821,2025-08-21,20251002,2025-10-02,17474.98,USD,17474.98,Closed,True
PO100135,7,V0007,20250207,2025-02-07,,,12368.91,USD,12368.91,Open,False
PO100136,33,V0033,20250627,2025-06-27,20250630,2025-06-30,996.11,USD,996.11,Open,True
PO100137,17,V0017,20250707,2025-07-07,20250801,2025-08-01,22731.50,USD,22731.50,Closed,True
PO100138,48,V0048,20250103,2025-01-03,20250214,2025-02-14,52751.80,USD,52751.80,Partially Received,True
PO100139,32,V0032,20250721,2025-07-21,20250802,2025-08-02,12484.28,USD,12484.28,Closed,True
PO100140,32,V0032,20250727,2025-07-27,20250807,2025-08-07,22839.13,USD,22839.13,Closed,True
PO100141,28,V0028,20250710,2025-07-10,20250823,2025-08-23,20932.26,USD,20932.26,Open,True
PO100142,40,V0040,20240903,2024-09-03,20240918,2024-09-18,579.29,USD,579.29,Closed,True
PO100143,27,V0027,20260123,2026-01-23,20260221,2026-02-21,2311.04,USD,2311.04,Closed,True
PO100144,17,V0017,20250722,2025-07-22,20250827,2025-08-27,8152.98,USD,8152.98,Closed,True
PO100145,22,V0022,20250410,2025-04-10,20250416,2025-04-16,2062.41,USD,2062.41,Partially Received,True
PO100146,16,V0016,20260123,2026-01-23,20260126,2026-01-26,15230.19,USD,15230.19,Closed,True
PO100147,42,V0042,20241018,2024-10-18,20241112,2024-11-12,29433.95,USD,29433.95,Closed,True
PO100148,31,V0031,20250624,2025-06-24,20250704,2025-07-04,6129.63,USD,6129.63,Closed,True
PO100149,31,V0031,20241201,2024-12-01,20241220,2024-12-20,45090.26,USD,45090.26,Closed,True
PO100150,9,V0009,20260315,2026-03-15,20260328,2026-03-28,4509.18,USD,4509.18,Partially Received,True
PO100151,9,V0009,20250323,2025-03-23,,,10221.18,USD,10221.18,Open,False
PO100152,21,V0021,20250403,2025-04-03,20250508,2025-05-08,9366.71,USD,9366.71,Closed,True
PO100153,9,V0009,20250827,2025-08-27,20251002,2025-10-02,2936.42,USD,2936.42,Partially Received,True
PO100154,40,V0040,20260514,2026-05-14,20260519,2026-05-19,3793.81,USD,3793.81,Closed,True
PO100155,11,V0011,20250310,2025-03-10,,,8159.70,GBP,10362.82,Cancelled,False
PO100156,38,V0038,20250417,2025-04-17,20250529,2025-05-29,12426.27,USD,12426.27,Open,True
PO100157,30,V0030,20260215,2026-02-15,20260324,2026-03-24,23095.60,USD,23095.60,Closed,True
PO100158,20,V0020,20251129,2025-11-29,20251207,2025-12-07,10275.88,USD,10275.88,Open,True
PO100159,43,V0043,20241228,2024-12-28,20250204,2025-02-04,9255.92,USD,9255.92,Closed,True
PO100160,30,V0030,20251011,2025-10-11,20251107,2025-11-07,16888.18,USD,16888.18,Open,True
PO100161,25,V0025,20260424,2026-04-24,20260502,2026-05-02,11607.45,GBP,14741.46,Closed,True
PO100162,35,V0035,20250123,2025-01-23,20250227,2025-02-27,7336.28,GBP,9317.08,Closed,True
PO100163,2,V0002,20250126,2025-01-26,20250221,2025-02-21,1401.84,USD,1401.84,Closed,True
PO100164,48,V0048,20250909,2025-09-09,20251019,2025-10-19,6376.34,USD,6376.34,Closed,True
PO100165,40,V0040,20251208,2025-12-08,20260101,2026-01-01,2174.38,USD,2174.38,Partially Received,True
PO100166,27,V0027,20260502,2026-05-02,20260518,2026-05-18,2208.60,USD,2208.60,Partially Received,True
PO100167,23,V0023,20250408,2025-04-08,20250512,2025-05-12,5380.77,USD,5380.77,Partially Received,True
PO100168,48,V0048,20260116,2026-01-16,20260129,2026-01-29,11928.51,USD,11928.51,Closed,True
PO100169,30,V0030,20250813,2025-08-13,20250915,2025-09-15,6297.21,USD,6297.21,Open,True
PO100170,32,V0032,20260304,2026-03-04,20260319,2026-03-19,2515.52,USD,2515.52,Partially Received,True
PO100171,43,V0043,20250321,2025-03-21,20250418,2025-04-18,3362.50,USD,3362.50,Open,True
PO100172,4,V0004,20250825,2025-08-25,20250910,2025-09-10,8261.28,GBP,10491.83,Closed,True
PO100173,9,V0009,20250820,2025-08-20,20250922,2025-09-22,3095.54,USD,3095.54,Partially Received,True
PO100174,31,V0031,20241004,2024-10-04,20241009,2024-10-09,9678.07,USD,9678.07,Partially Received,True
PO100175,9,V0009,20250911,2025-09-11,20251002,2025-10-02,3311.67,USD,3311.67,Closed,True
PO100176,42,V0042,20251113,2025-11-13,20251123,2025-11-23,7724.73,USD,7724.73,Closed,True
PO100177,41,V0041,20260503,2026-05-03,20260526,2026-05-26,11936.94,USD,11936.94,Closed,True
PO100178,42,V0042,20250813,2025-08-13,20250818,2025-08-18,24677.46,USD,24677.46,Closed,True
PO100179,42,V0042,20241213,2024-12-13,20250127,2025-01-27,10587.54,USD,10587.54,Open,True
PO100180,31,V0031,20250620,2025-06-20,20250727,2025-07-27,59790.70,USD,59790.70,Closed,True
PO100181,9,V0009,20250119,2025-01-19,20250213,2025-02-13,10035.53,USD,10035.53,Closed,True
PO100182,34,V0034,20240927,2024-09-27,20241023,2024-10-23,470.27,EUR,507.89,Cancelled,True
PO100183,8,V0008,20240918,2024-09-18,20241015,2024-10-15,657.45,EUR,710.05,Open,True
PO100184,30,V0030,20260416,2026-04-16,20260526,2026-05-26,50897.36,USD,50897.36,Closed,True
PO100185,2,V0002,20250707,2025-07-07,20250718,2025-07-18,4805.93,USD,4805.93,Partially Received,True
PO100186,2,V0002,20241104,2024-11-04,20241119,2024-11-19,8558.28,USD,8558.28,Closed,True
PO100187,9,V0009,20250929,2025-09-29,20251017,2025-10-17,6846.45,USD,6846.45,Partially Received,True
PO100188,25,V0025,20241207,2024-12-07,20250109,2025-01-09,12550.87,GBP,15939.60,Closed,True
PO100189,48,V0048,20260308,2026-03-08,20260316,2026-03-16,7188.70,USD,7188.70,Closed,True
PO100190,7,V0007,20250805,2025-08-05,20250817,2025-08-17,9806.60,USD,9806.60,Closed,True
PO100191,17,V0017,20260203,2026-02-03,20260306,2026-03-06,6072.30,USD,6072.30,Cancelled,True
PO100192,31,V0031,20251129,2025-11-29,20251210,2025-12-10,23395.48,USD,23395.48,Closed,True
PO100193,27,V0027,20241029,2024-10-29,20241212,2024-12-12,28131.59,USD,28131.59,Closed,True
PO100194,32,V0032,20250624,2025-06-24,20250727,2025-07-27,4410.92,USD,4410.92,Closed,True
PO100195,8,V0008,20250325,2025-03-25,20250402,2025-04-02,265.17,EUR,286.38,Closed,True
PO100196,40,V0040,20241027,2024-10-27,20241211,2024-12-11,1549.86,USD,1549.86,Open,True
PO100197,40,V0040,20250505,2025-05-05,20250517,2025-05-17,829.59,USD,829.59,Closed,True
PO100198,24,V0024,20250205,2025-02-05,20250302,2025-03-02,21082.55,USD,21082.55,Open,True
PO100199,48,V0048,20251201,2025-12-01,20260111,2026-01-11,16526.02,USD,16526.02,Closed,True
PO100200,35,V0035,20250119,2025-01-19,20250129,2025-01-29,7164.41,GBP,9098.80,Closed,True
PO100201,2,V0002,20241123,2024-11-23,20250107,2025-01-07,3859.67,USD,3859.67,Partially Received,True
PO100202,2,V0002,20250412,2025-04-12,20250508,2025-05-08,724.90,USD,724.90,Closed,True
PO100203,40,V0040,20251203,2025-12-03,20260108,2026-01-08,2119.33,USD,2119.33,Closed,True
PO100204,16,V0016,20250617,2025-06-17,20250725,2025-07-25,24120.04,USD,24120.04,Closed,True
PO100205,29,V0029,20241004,2024-10-04,20241110,2024-11-10,6353.60,USD,6353.60,Closed,True
PO100206,28,V0028,20251221,2025-12-21,,,96544.41,USD,96544.41,Open,False
PO100207,20,V0020,20251031,2025-10-31,20251110,2025-11-10,27767.47,USD,27767.47,Closed,True
PO100208,48,V0048,20260315,2026-03-15,20260322,2026-03-22,5659.43,USD,5659.43,Cancelled,True
PO100209,37,V0037,20250429,2025-04-29,20250527,2025-05-27,2610.58,USD,2610.58,Closed,True
PO100210,20,V0020,20260404,2026-04-04,20260427,2026-04-27,3582.54,USD,3582.54,Closed,True
PO100211,40,V0040,20260213,2026-02-13,20260225,2026-02-25,1215.09,USD,1215.09,Closed,True
PO100212,31,V0031,20260527,2026-05-27,20260603,2026-06-03,11684.64,USD,11684.64,Closed,True
PO100213,4,V0004,20250306,2025-03-06,20250414,2025-04-14,19912.72,GBP,25289.15,Closed,True
PO100214,42,V0042,20241006,2024-10-06,20241103,2024-11-03,6819.44,USD,6819.44,Closed,True
PO100215,38,V0038,20241205,2024-12-05,20241216,2024-12-16,15372.70,USD,15372.70,Closed,True
PO100216,42,V0042,20251218,2025-12-18,20260122,2026-01-22,7093.80,USD,7093.80,Closed,True
PO100217,17,V0017,20250916,2025-09-16,20251012,2025-10-12,9122.99,USD,9122.99,Open,True
PO100218,23,V0023,20241007,2024-10-07,,,46200.08,USD,46200.08,Open,False
PO100219,27,V0027,20250210,2025-02-10,20250222,2025-02-22,3375.82,USD,3375.82,Open,True
PO100220,4,V0004,20250226,2025-02-26,20250305,2025-03-05,37604.88,GBP,47758.20,Partially Received,True
PO100221,4,V0004,20260209,2026-02-09,20260224,2026-02-24,38181.29,GBP,48490.24,Closed,True
PO100222,37,V0037,20250906,2025-09-06,20250927,2025-09-27,1830.52,USD,1830.52,Partially Received,True
PO100223,42,V0042,20250827,2025-08-27,,,5979.20,USD,5979.20,Open,False
PO100224,1,V0001,20250801,2025-08-01,20250828,2025-08-28,19486.08,USD,19486.08,Closed,True
PO100225,48,V0048,20250417,2025-04-17,20250430,2025-04-30,5707.09,USD,5707.09,Closed,True
PO100226,30,V0030,20240905,2024-09-05,20240916,2024-09-16,5569.35,USD,5569.35,Closed,True
PO100227,32,V0032,20260614,2026-06-14,,,4470.48,USD,4470.48,Open,False
PO100228,41,V0041,20241109,2024-11-09,20241221,2024-12-21,57059.53,USD,57059.53,Closed,True
PO100229,25,V0025,20240930,2024-09-30,20241019,2024-10-19,8023.55,GBP,10189.91,Closed,True
PO100230,39,V0039,20250203,2025-02-03,20250302,2025-03-02,6075.78,CAD,4496.08,Closed,True
PO100231,4,V0004,20250707,2025-07-07,20250723,2025-07-23,11845.85,GBP,15044.23,Partially Received,True
PO100232,13,V0013,20250412,2025-04-12,20250510,2025-05-10,54879.56,USD,54879.56,Partially Received,True
PO100233,20,V0020,20250403,2025-04-03,20250502,2025-05-02,6272.26,USD,6272.26,Partially Received,True
PO100234,16,V0016,20250514,2025-05-14,20250626,2025-06-26,5755.06,USD,5755.06,Partially Received,True
PO100235,9,V0009,20241221,2024-12-21,20250126,2025-01-26,20860.81,USD,20860.81,Closed,True
PO100236,18,V0018,20250503,2025-05-03,20250527,2025-05-27,1280.49,USD,1280.49,Cancelled,True
PO100237,34,V0034,20251219,2025-12-19,20251226,2025-12-26,2312.13,EUR,2497.10,Closed,True
PO100238,49,V0049,20260306,2026-03-06,20260316,2026-03-16,9349.82,USD,9349.82,Closed,True
PO100239,50,V0050,20260327,2026-03-27,20260413,2026-04-13,9992.20,USD,9992.20,Partially Received,True
PO100240,33,V0033,20251205,2025-12-05,20260116,2026-01-16,1829.65,USD,1829.65,Open,True
PO100241,33,V0033,20260304,2026-03-04,20260329,2026-03-29,212.11,USD,212.11,Closed,True
PO100242,38,V0038,20250810,2025-08-10,20250817,2025-08-17,3221.67,USD,3221.67,Closed,True
PO100243,40,V0040,20260616,2026-06-16,20260627,2026-06-27,2391.78,USD,2391.78,Closed,True
PO100244,31,V0031,20250602,2025-06-02,20250701,2025-07-01,7508.94,USD,7508.94,Closed,True
PO100245,22,V0022,20241010,2024-10-10,20241113,2024-11-13,5108.40,USD,5108.40,Cancelled,True
PO100246,18,V0018,20241106,2024-11-06,20241110,2024-11-10,800.65,USD,800.65,Partially Received,True
PO100247,50,V0050,20251216,2025-12-16,20251228,2025-12-28,57559.41,USD,57559.41,Closed,True
PO100248,42,V0042,20250810,2025-08-10,20250829,2025-08-29,25100.13,USD,25100.13,Partially Received,True
PO100249,60,V0001,20260322,2026-03-22,20260325,2026-03-25,67655.55,USD,67655.55,Partially Received,True
PO100250,48,V0048,20260612,2026-06-12,20260621,2026-06-21,17853.87,USD,17853.87,Closed,True
PO100251,16,V0016,20251019,2025-10-19,,,113277.30,USD,113277.30,Open,False
PO100252,25,V0025,20250109,2025-01-09,20250122,2025-01-22,8308.33,GBP,10551.58,Closed,True
PO100253,42,V0042,20251006,2025-10-06,20251102,2025-11-02,5396.83,USD,5396.83,Partially Received,True
PO100254,20,V0020,20241020,2024-10-20,20241108,2024-11-08,6493.19,USD,6493.19,Closed,True
PO100255,10,V0010,20241217,2024-12-17,20250118,2025-01-18,10034.13,USD,10034.13,Closed,True
PO100256,50,V0050,20241228,2024-12-28,20250209,2025-02-09,9633.16,USD,9633.16,Closed,True
PO100257,27,V0027,20250618,2025-06-18,20250714,2025-07-14,10374.34,USD,10374.34,Partially Received,True
PO100258,42,V0042,20250912,2025-09-12,20251010,2025-10-10,25035.67,USD,25035.67,Open,True
PO100259,62,V0002,20260213,2026-02-13,20260318,2026-03-18,1916.69,USD,1916.69,Closed,True
PO100260,9,V0009,20260325,2026-03-25,20260502,2026-05-02,9704.20,USD,9704.20,Closed,True
PO100261,15,V0015,20250913,2025-09-13,20251015,2025-10-15,30030.36,USD,30030.36,Closed,True
PO100262,9,V0009,20251014,2025-10-14,20251027,2025-10-27,5964.16,USD,5964.16,Open,True
PO100263,31,V0031,20260417,2026-04-17,20260423,2026-04-23,9243.07,USD,9243.07,Closed,True
PO100264,40,V0040,20251202,2025-12-02,20260106,2026-01-06,1046.03,USD,1046.03,Closed,True
PO100265,8,V0008,20251002,2025-10-02,20251009,2025-10-09,266.11,EUR,287.40,Closed,True
PO100266,17,V0017,20250405,2025-04-05,20250427,2025-04-27,6808.20,USD,6808.20,Closed,True
PO100267,48,V0048,20251018,2025-10-18,20251124,2025-11-24,23084.29,USD,23084.29,Closed,True
PO100268,49,V0049,20250428,2025-04-28,20250506,2025-05-06,4264.83,USD,4264.83,Open,True
PO100269,40,V0040,20260130,2026-01-30,20260213,2026-02-13,1836.58,USD,1836.58,Closed,True
PO100270,40,V0040,20251006,2025-10-06,20251012,2025-10-12,3041.98,USD,3041.98,Closed,True
PO100271,30,V0030,20250611,2025-06-11,20250707,2025-07-07,11409.11,USD,11409.11,Closed,True
PO100272,40,V0040,20241013,2024-10-13,20241118,2024-11-18,1019.49,USD,1019.49,Open,True
PO100273,9,V0009,20251006,2025-10-06,20251114,2025-11-14,6277.03,USD,6277.03,Closed,True
PO100274,6,V0006,20240902,2024-09-02,20241017,2024-10-17,6429.73,USD,6429.73,Closed,True
PO100275,30,V0030,20250929,2025-09-29,20251110,2025-11-10,45060.14,USD,45060.14,Closed,True
PO100276,9,V0009,20251213,2025-12-13,20251218,2025-12-18,2767.31,USD,2767.31,Partially Received,True
PO100277,37,V0037,20241205,2024-12-05,20250112,2025-01-12,1440.45,USD,1440.45,Partially Received,True
PO100278,12,V0012,20260319,2026-03-19,20260401,2026-04-01,913.08,USD,913.08,Closed,True
PO100279,16,V0016,20260423,2026-04-23,20260426,2026-04-26,18688.37,USD,18688.37,Open,True
PO100280,25,V0025,20260125,2026-01-25,20260301,2026-03-01,3517.29,GBP,4466.96,Closed,True
PO100281,40,V0040,20250914,2025-09-14,20251006,2025-10-06,653.49,USD,653.49,Closed,True
PO100282,28,V0028,20250517,2025-05-17,20250626,2025-06-26,63834.88,USD,63834.88,Closed,True
PO100283,20,V0020,20250718,2025-07-18,20250816,2025-08-16,4992.00,USD,4992.00,Open,True
PO100284,9,V0009,20240914,2024-09-14,20241024,2024-10-24,11138.32,USD,11138.32,Closed,True
PO100285,9,V0009,20260322,2026-03-22,20260405,2026-04-05,6785.64,USD,6785.64,Closed,True
PO100286,9,V0009,20251121,2025-11-21,20251212,2025-12-12,17345.86,USD,17345.86,Open,True
PO100287,12,V0012,20241104,2024-11-04,20241114,2024-11-14,677.71,USD,677.71,Open,True
PO100288,47,V0047,20251014,2025-10-14,,,1093.79,USD,1093.79,Open,False
PO100289,42,V0042,20241221,2024-12-21,20250124,2025-01-24,8896.97,USD,8896.97,Closed,True
PO100290,25,V0025,20251124,2025-11-24,20251221,2025-12-21,6053.99,GBP,7688.57,Open,True
PO100291,32,V0032,20241221,2024-12-21,20250106,2025-01-06,2749.82,USD,2749.82,Closed,True
PO100292,41,V0041,20251101,2025-11-01,20251113,2025-11-13,5711.74,USD,5711.74,Partially Received,True
PO100293,18,V0018,20250317,2025-03-17,20250419,2025-04-19,1565.02,USD,1565.02,Closed,True
PO100294,27,V0027,20241116,2024-11-16,20241225,2024-12-25,4506.08,USD,4506.08,Closed,True
PO100295,18,V0018,20241121,2024-11-21,20250104,2025-01-04,1906.06,USD,1906.06,Open,True
PO100296,9,V0009,20241228,2024-12-28,20250129,2025-01-29,4369.34,USD,4369.34,Closed,True
PO100297,40,V0040,20260318,2026-03-18,20260426,2026-04-26,6008.22,USD,6008.22,Closed,True
PO100298,31,V0031,20250324,2025-03-24,20250407,2025-04-07,24885.94,USD,24885.94,Open,True
PO100299,18,V0018,20250617,2025-06-17,20250630,2025-06-30,3341.47,USD,3341.47,Closed,True
PO100300,46,V0046,20250614,2025-06-14,20250714,2025-07-14,3364.86,USD,3364.86,Closed,True
PO100301,36,V0036,20260226,2026-02-26,20260304,2026-03-04,10601.62,EUR,11449.75,Closed,True
PO100302,17,V0017,20251209,2025-12-09,20260103,2026-01-03,3175.61,USD,3175.61,Closed,True
PO100303,9,V0009,20250326,2025-03-26,20250504,2025-05-04,10309.19,USD,10309.19,Closed,True
PO100304,6,V0006,20241017,2024-10-17,20241129,2024-11-29,10172.41,USD,10172.41,Closed,True
PO100305,27,V0027,20241018,2024-10-18,20241118,2024-11-18,11551.34,USD,11551.34,Open,True
PO100306,47,V0047,20260609,2026-06-09,20260712,2026-07-12,3451.75,USD,3451.75,Open,True
PO100307,26,V0026,20250122,2025-01-22,20250127,2025-01-27,17001.13,USD,17001.13,Closed,True
PO100308,21,V0021,20240918,2024-09-18,20240930,2024-09-30,12703.95,USD,12703.95,Open,True
PO100309,42,V0042,20241103,2024-11-03,,,9129.86,USD,9129.86,Open,False
PO100310,41,V0041,20260225,2026-02-25,20260311,2026-03-11,40435.96,USD,40435.96,Closed,True
PO100311,27,V0027,20241113,2024-11-13,20241211,2024-12-11,2274.52,USD,2274.52,Closed,True
PO100312,9,V0009,20251222,2025-12-22,20260112,2026-01-12,13015.53,USD,13015.53,Closed,True
PO100313,62,V0002,20251126,2025-11-26,20251226,2025-12-26,1085.89,USD,1085.89,Partially Received,True
PO100314,27,V0027,20251213,2025-12-13,20260122,2026-01-22,4203.85,USD,4203.85,Closed,True
PO100315,48,V0048,20260214,2026-02-14,20260322,2026-03-22,64584.11,USD,64584.11,Closed,True
PO100316,59,V0024,20260626,2026-06-26,20260803,2026-08-03,27473.13,USD,27473.13,Closed,True
PO100317,12,V0012,20250828,2025-08-28,20250904,2025-09-04,872.99,USD,872.99,Open,True
PO100318,17,V0017,20260130,2026-01-30,20260216,2026-02-16,3697.49,USD,3697.49,Closed,True
PO100319,49,V0049,20260115,2026-01-15,20260201,2026-02-01,8316.41,USD,8316.41,Open,True
PO100320,49,V0049,20240904,2024-09-04,20241018,2024-10-18,2157.25,USD,2157.25,Open,True
PO100321,9,V0009,20250413,2025-04-13,,,3780.94,USD,3780.94,Open,False
PO100322,12,V0012,20240925,2024-09-25,20241013,2024-10-13,1228.66,USD,1228.66,Partially Received,True
PO100323,42,V0042,20250920,2025-09-20,20251012,2025-10-12,13144.70,USD,13144.70,Closed,True
PO100324,18,V0018,20250801,2025-08-01,20250906,2025-09-06,1320.28,USD,1320.28,Closed,True
PO100325,49,V0049,20260308,2026-03-08,20260401,2026-04-01,24537.14,USD,24537.14,Open,True
PO100326,1,V0001,20250803,2025-08-03,20250831,2025-08-31,59317.07,USD,59317.07,Closed,True
PO100327,40,V0040,20251108,2025-11-08,20251205,2025-12-05,1582.54,USD,1582.54,Closed,True
PO100328,17,V0017,20260405,2026-04-05,,,2028.22,USD,2028.22,Open,False
PO100329,17,V0017,20250422,2025-04-22,20250505,2025-05-05,12647.80,USD,12647.80,Cancelled,True
PO100330,32,V0032,20250915,2025-09-15,20251021,2025-10-21,4468.37,USD,4468.37,Closed,True
PO100331,34,V0034,20250214,2025-02-14,20250302,2025-03-02,673.33,EUR,727.20,Partially Received,True
PO100332,32,V0032,20260322,2026-03-22,20260506,2026-05-06,3977.48,USD,3977.48,Closed,True
PO100333,17,V0017,20240926,2024-09-26,20240930,2024-09-30,8905.94,USD,8905.94,Closed,True
PO100334,23,V0023,20260419,2026-04-19,,,11594.95,USD,11594.95,Open,False
PO100335,8,V0008,20250528,2025-05-28,,,215.56,EUR,232.80,Open,False
PO100336,29,V0029,20241123,2024-11-23,20241209,2024-12-09,7599.55,USD,7599.55,Closed,True
PO100337,1,V0001,20250108,2025-01-08,20250204,2025-02-04,23031.87,USD,23031.87,Partially Received,True
PO100338,30,V0030,20260509,2026-05-09,20260611,2026-06-11,66050.33,USD,66050.33,Open,True
PO100339,4,V0004,20250205,2025-02-05,20250209,2025-02-09,12768.92,GBP,16216.53,Closed,True
PO100340,17,V0017,20250731,2025-07-31,20250815,2025-08-15,5353.61,USD,5353.61,Closed,True
PO100341,48,V0048,20250303,2025-03-03,20250412,2025-04-12,30169.99,USD,30169.99,Closed,True
PO100342,9,V0009,20250628,2025-06-28,20250812,2025-08-12,3596.70,USD,3596.70,Partially Received,True
PO100343,35,V0035,20260628,2026-06-28,20260811,2026-08-11,10151.19,GBP,12892.01,Partially Received,True
PO100344,27,V0027,20260203,2026-02-03,20260311,2026-03-11,25973.72,USD,25973.72,Closed,True
PO100345,1,V0001,20250307,2025-03-07,,,39598.46,USD,39598.46,Cancelled,False
PO100346,32,V0032,20241103,2024-11-03,20241125,2024-11-25,4154.29,USD,4154.29,Closed,True
PO100347,62,V0002,20251211,2025-12-11,20260119,2026-01-19,634.81,USD,634.81,Closed,True
PO100348,48,V0048,20251102,2025-11-02,20251126,2025-11-26,100560.77,USD,100560.77,Open,True
PO100349,27,V0027,20250824,2025-08-24,20250928,2025-09-28,2186.42,USD,2186.42,Closed,True
PO100350,21,V0021,20251130,2025-11-30,20251209,2025-12-09,16990.56,USD,16990.56,Closed,True
PO100351,34,V0034,20260303,2026-03-03,20260407,2026-04-07,304.41,EUR,328.76,Closed,True
PO100352,16,V0016,20250621,2025-06-21,20250713,2025-07-13,12132.06,USD,12132.06,Closed,True
PO100353,24,V0024,20250325,2025-03-25,20250504,2025-05-04,17990.36,USD,17990.36,Partially Received,True
PO100354,4,V0004,20260512,2026-05-12,20260519,2026-05-19,21628.93,GBP,27468.74,Closed,True
PO100355,18,V0018,20251023,2025-10-23,20251117,2025-11-17,2023.65,USD,2023.65,Partially Received,True
PO100356,31,V0031,20241224,2024-12-24,20250107,2025-01-07,48685.04,USD,48685.04,Open,True
PO100357,29,V0029,20251011,2025-10-11,,,21007.26,USD,21007.26,Open,False
PO100358,25,V0025,20250216,2025-02-16,20250315,2025-03-15,3576.55,GBP,4542.22,Closed,True
PO100359,38,V0038,20241206,2024-12-06,20241218,2024-12-18,3625.40,USD,3625.40,Open,True
PO100360,9,V0009,20260119,2026-01-19,20260126,2026-01-26,7245.76,USD,7245.76,Closed,True
PO100361,9,V0009,20250404,2025-04-04,20250412,2025-04-12,2893.37,USD,2893.37,Closed,True
PO100362,30,V0030,20250131,2025-01-31,,,14350.18,USD,14350.18,Open,False
PO100363,48,V0048,20250331,2025-03-31,20250429,2025-04-29,15299.09,USD,15299.09,Cancelled,True
PO100364,34,V0034,20250303,2025-03-03,20250416,2025-04-16,713.17,EUR,770.22,Closed,True
PO100365,22,V0022,20241209,2024-12-09,20250117,2025-01-17,7021.65,USD,7021.65,Closed,True
PO100366,17,V0017,20250701,2025-07-01,20250725,2025-07-25,3218.15,USD,3218.15,Closed,True
PO100367,17,V0017,20260609,2026-06-09,20260702,2026-07-02,5511.45,USD,5511.45,Closed,True
PO100368,25,V0025,20250825,2025-08-25,20250913,2025-09-13,13712.13,GBP,17414.41,Closed,True
PO100369,42,V0042,20250830,2025-08-30,,,9502.13,USD,9502.13,Open,False
PO100370,31,V0031,20240924,2024-09-24,20241029,2024-10-29,30624.72,USD,30624.72,Open,True
PO100371,60,V0001,20251229,2025-12-29,20260107,2026-01-07,39436.46,USD,39436.46,Closed,True
PO100372,38,V0038,20251112,2025-11-12,,,2483.11,USD,2483.11,Open,False
PO100373,23,V0023,20250123,2025-01-23,20250129,2025-01-29,38982.18,USD,38982.18,Closed,True
PO100374,12,V0012,20260123,2026-01-23,20260207,2026-02-07,2194.10,USD,2194.10,Open,True
PO100375,38,V0038,20251204,2025-12-04,20260109,2026-01-09,6879.28,USD,6879.28,Open,True
PO100376,35,V0035,20260109,2026-01-09,20260209,2026-02-09,2976.62,GBP,3780.31,Closed,True
PO100377,27,V0027,20241129,2024-11-29,20250113,2025-01-13,33547.61,USD,33547.61,Closed,True
PO100378,60,V0001,20251006,2025-10-06,20251014,2025-10-14,92387.31,USD,92387.31,Closed,True
PO100379,18,V0018,20250903,2025-09-03,20251018,2025-10-18,1996.50,USD,1996.50,Closed,True
PO100380,48,V0048,20260103,2026-01-03,20260215,2026-02-15,108240.69,USD,108240.69,Closed,True
PO100381,17,V0017,20250531,2025-05-31,20250610,2025-06-10,2003.66,USD,2003.66,Closed,True
PO100382,4,V0004,20250908,2025-09-08,20251021,2025-10-21,6765.83,GBP,8592.60,Closed,True
PO100383,2,V0002,20250821,2025-08-21,20250918,2025-09-18,7896.96,USD,7896.96,Closed,True
PO100384,2,V0002,20250109,2025-01-09,20250127,2025-01-27,664.94,USD,664.94,Partially Received,True
PO100385,1,V0001,20250811,2025-08-11,20250815,2025-08-15,10891.61,USD,10891.61,Closed,True
PO100386,9,V0009,20250810,2025-08-10,20250829,2025-08-29,2670.80,USD,2670.80,Closed,True
PO100387,42,V0042,20250928,2025-09-28,,,37196.89,USD,37196.89,Open,False
PO100388,50,V0050,20260116,2026-01-16,20260120,2026-01-20,38474.67,USD,38474.67,Closed,True
PO100389,7,V0007,20251203,2025-12-03,20260115,2026-01-15,10563.31,USD,10563.31,Partially Received,True
PO100390,5,V0005,20250106,2025-01-06,20250122,2025-01-22,805.02,USD,805.02,Open,True
PO100391,2,V0002,20250610,2025-06-10,20250724,2025-07-24,3353.34,USD,3353.34,Closed,True
PO100392,45,V0045,20241223,2024-12-23,20250125,2025-01-25,8199.40,USD,8199.40,Open,True
PO100393,31,V0031,20250324,2025-03-24,,,6900.45,USD,6900.45,Open,False
PO100394,7,V0007,20260629,2026-06-29,20260812,2026-08-12,2462.08,USD,2462.08,Closed,True
PO100395,47,V0047,20241112,2024-11-12,20241207,2024-12-07,457.91,USD,457.91,Open,True
PO100396,47,V0047,20251009,2025-10-09,20251107,2025-11-07,522.22,USD,522.22,Partially Received,True
PO100397,4,V0004,20260316,2026-03-16,20260321,2026-03-21,113580.96,GBP,144247.82,Partially Received,True
PO100398,42,V0042,20250818,2025-08-18,20250915,2025-09-15,97621.85,USD,97621.85,Closed,True
PO100399,30,V0030,20250619,2025-06-19,20250716,2025-07-16,40228.66,USD,40228.66,Closed,True
PO100400,29,V0029,20241201,2024-12-01,20241222,2024-12-22,12841.51,USD,12841.51,Closed,True
PO100401,17,V0017,20250522,2025-05-22,20250603,2025-06-03,14800.91,USD,14800.91,Open,True
PO100402,2,V0002,20250819,2025-08-19,20250914,2025-09-14,4250.65,USD,4250.65,Partially Received,True
PO100403,22,V0022,20260427,2026-04-27,20260505,2026-05-05,2490.92,USD,2490.92,Cancelled,True
PO100404,30,V0030,20250412,2025-04-12,20250507,2025-05-07,6187.39,USD,6187.39,Closed,True
PO100405,28,V0028,20250712,2025-07-12,20250810,2025-08-10,28700.14,USD,28700.14,Closed,True
PO100406,42,V0042,20250731,2025-07-31,20250902,2025-09-02,33718.82,USD,33718.82,Open,True
PO100407,60,V0001,20251105,2025-11-05,20251204,2025-12-04,29361.78,USD,29361.78,Closed,True
PO100408,48,V0048,20250807,2025-08-07,20250831,2025-08-31,50676.22,USD,50676.22,Partially Received,True
PO100409,31,V0031,20260316,2026-03-16,20260321,2026-03-21,64505.89,USD,64505.89,Closed,True
PO100410,29,V0029,20250603,2025-06-03,20250626,2025-06-26,10037.15,USD,10037.15,Open,True
PO100411,32,V0032,20240901,2024-09-01,20240928,2024-09-28,5644.76,USD,5644.76,Closed,True
PO100412,9,V0009,20241011,2024-10-11,20241014,2024-10-14,10501.77,USD,10501.77,Closed,True
PO100413,21,V0021,20250726,2025-07-26,20250826,2025-08-26,36821.96,USD,36821.96,Open,True
PO100414,21,V0021,20260414,2026-04-14,20260504,2026-05-04,17272.70,USD,17272.70,Open,True
PO100415,23,V0023,20250117,2025-01-17,20250204,2025-02-04,62432.26,USD,62432.26,Closed,True
PO100416,47,V0047,20250101,2025-01-01,20250119,2025-01-19,490.60,USD,490.60,Closed,True
PO100417,41,V0041,20250415,2025-04-15,20250428,2025-04-28,71064.99,USD,71064.99,Partially Received,True
PO100418,49,V0049,20260530,2026-05-30,20260624,2026-06-24,7320.03,USD,7320.03,Closed,True
PO100419,47,V0047,20250424,2025-04-24,20250510,2025-05-10,1106.40,USD,1106.40,Open,True
PO100420,15,V0015,20241001,2024-10-01,20241017,2024-10-17,7376.40,USD,7376.40,Closed,True
PO100421,9,V0009,20250705,2025-07-05,20250725,2025-07-25,11634.67,USD,11634.67,Closed,True
PO100422,49,V0049,20250318,2025-03-18,20250402,2025-04-02,3543.06,USD,3543.06,Closed,True
PO100423,7,V0007,20250221,2025-02-21,20250309,2025-03-09,2898.71,USD,2898.71,Closed,True
PO100424,28,V0028,20250627,2025-06-27,20250810,2025-08-10,9048.98,USD,9048.98,Partially Received,True
PO100425,16,V0016,20250526,2025-05-26,20250607,2025-06-07,47134.61,USD,47134.61,Closed,True
PO100426,47,V0047,20260329,2026-03-29,20260402,2026-04-02,809.89,USD,809.89,Partially Received,True
PO100427,42,V0042,20241012,2024-10-12,20241111,2024-11-11,37086.74,USD,37086.74,Closed,True
PO100428,27,V0027,20250307,2025-03-07,20250404,2025-04-04,7692.05,USD,7692.05,Closed,True
PO100429,50,V0050,20250915,2025-09-15,20251009,2025-10-09,10552.67,USD,10552.67,Partially Received,True
PO100430,48,V0048,20250102,2025-01-02,20250128,2025-01-28,32077.55,USD,32077.55,Closed,True
PO100431,20,V0020,20250611,2025-06-11,20250725,2025-07-25,48295.50,USD,48295.50,Closed,True
PO100432,23,V0023,20250402,2025-04-02,20250413,2025-04-13,29568.63,USD,29568.63,Cancelled,True
PO100433,22,V0022,20241125,2024-11-25,20250105,2025-01-05,3187.76,USD,3187.76,Closed,True
PO100434,40,V0040,20260412,2026-04-12,20260503,2026-05-03,537.82,USD,537.82,Closed,True
PO100435,50,V0050,20241123,2024-11-23,20241221,2024-12-21,49235.72,USD,49235.72,Open,True
PO100436,2,V0002,20251014,2025-10-14,20251017,2025-10-17,3625.31,USD,3625.31,Closed,True
PO100437,42,V0042,20240930,2024-09-30,20241110,2024-11-10,44002.89,USD,44002.89,Closed,True
PO100438,21,V0021,20260413,2026-04-13,20260426,2026-04-26,54848.24,USD,54848.24,Partially Received,True
PO100439,38,V0038,20251115,2025-11-15,20251225,2025-12-25,10747.18,USD,10747.18,Cancelled,True
PO100440,40,V0040,20260601,2026-06-01,20260621,2026-06-21,1462.19,USD,1462.19,Closed,True
PO100441,38,V0038,20250927,2025-09-27,,,9703.31,USD,9703.31,Cancelled,False
PO100442,17,V0017,20250927,2025-09-27,20251025,2025-10-25,7900.33,USD,7900.33,Cancelled,True
PO100443,25,V0025,20240912,2024-09-12,20240924,2024-09-24,4827.60,GBP,6131.05,Closed,True
PO100444,42,V0042,20250724,2025-07-24,20250904,2025-09-04,26922.96,USD,26922.96,Open,True
PO100445,48,V0048,20250323,2025-03-23,20250423,2025-04-23,22544.90,USD,22544.90,Closed,True
PO100446,42,V0042,20260427,2026-04-27,20260525,2026-05-25,61499.24,USD,61499.24,Closed,True
PO100447,28,V0028,20251220,2025-12-20,20260118,2026-01-18,20166.09,USD,20166.09,Open,True
PO100448,42,V0042,20260523,2026-05-23,20260702,2026-07-02,34151.58,USD,34151.58,Closed,True
PO100449,31,V0031,20250204,2025-02-04,20250317,2025-03-17,27717.30,USD,27717.30,Closed,True
PO100450,24,V0024,20250228,2025-02-28,20250307,2025-03-07,9716.49,USD,9716.49,Open,True
PO100451,18,V0018,20250726,2025-07-26,20250807,2025-08-07,3741.61,USD,3741.61,Closed,True
PO100452,64,V0026,20250907,2025-09-07,20251009,2025-10-09,9119.33,USD,9119.33,Open,True
PO100453,49,V0049,20260120,2026-01-20,20260129,2026-01-29,3736.24,USD,3736.24,Open,True
PO100454,34,V0034,20250705,2025-07-05,20250718,2025-07-18,564.15,EUR,609.28,Open,True
PO100455,48,V0048,20251110,2025-11-10,20251126,2025-11-26,17048.36,USD,17048.36,Partially Received,True
PO100456,31,V0031,20250325,2025-03-25,20250416,2025-04-16,7050.63,USD,7050.63,Closed,True
PO100457,32,V0032,20250628,2025-06-28,,,2136.98,USD,2136.98,Cancelled,False
PO100458,9,V0009,20250322,2025-03-22,20250416,2025-04-16,2442.64,USD,2442.64,Closed,True
PO100459,40,V0040,20250505,2025-05-05,,,2916.24,USD,2916.24,Open,False
PO100460,62,V0002,20260627,2026-06-27,20260707,2026-07-07,2843.09,USD,2843.09,Closed,True
PO100461,9,V0009,20241023,2024-10-23,20241123,2024-11-23,4681.68,USD,4681.68,Closed,True
PO100462,47,V0047,20240914,2024-09-14,,,1025.88,USD,1025.88,Open,False
PO100463,17,V0017,20251112,2025-11-12,20251119,2025-11-19,9265.84,USD,9265.84,Closed,True
PO100464,22,V0022,20251009,2025-10-09,,,29340.30,USD,29340.30,Open,False
PO100465,27,V0027,20250417,2025-04-17,20250423,2025-04-23,8928.00,USD,8928.00,Closed,True
PO100466,27,V0027,20251217,2025-12-17,20260126,2026-01-26,3992.02,USD,3992.02,Partially Received,True
PO100467,42,V0042,20250819,2025-08-19,20250910,2025-09-10,10908.35,USD,10908.35,Open,True
PO100468,9,V0009,20260416,2026-04-16,20260517,2026-05-17,3286.09,USD,3286.09,Partially Received,True
PO100469,38,V0038,20250823,2025-08-23,20250930,2025-09-30,23300.89,USD,23300.89,Closed,True
PO100470,39,V0039,20250807,2025-08-07,,,68817.08,CAD,50924.64,Open,False
PO100471,32,V0032,20251021,2025-10-21,20251026,2025-10-26,12014.11,USD,12014.11,Partially Received,True
PO100472,47,V0047,20251005,2025-10-05,20251014,2025-10-14,714.73,USD,714.73,Partially Received,True
PO100473,48,V0048,20250222,2025-02-22,20250309,2025-03-09,16927.99,USD,16927.99,Partially Received,True
PO100474,24,V0024,20241005,2024-10-05,20241105,2024-11-05,20122.81,USD,20122.81,Closed,True
PO100475,9,V0009,20250104,2025-01-04,20250119,2025-01-19,3246.37,USD,3246.37,Closed,True
PO100476,12,V0012,20241216,2024-12-16,20250106,2025-01-06,2623.86,USD,2623.86,Open,True
PO100477,28,V0028,20260616,2026-06-16,20260628,2026-06-28,40563.65,USD,40563.65,Closed,True
PO100478,9,V0009,20251208,2025-12-08,20260109,2026-01-09,6062.40,USD,6062.40,Closed,True
PO100479,40,V0040,20250611,2025-06-11,20250620,2025-06-20,1103.58,USD,1103.58,Open,True
PO100480,17,V0017,20250111,2025-01-11,20250207,2025-02-07,23594.27,USD,23594.27,Closed,True
